id,domain,status,purchase_price,renewal_price,attractiveness,demand,length,registrar,created_at,expires_at,status_verified_at
5dc12d2d-84c6-46bc-954d-4c07e45f0b92,renovations.ninja,available,15.99,30.99,high,medium,11,namesilo,,,27/09/2026 06:58
d68d6746-08db-4905-882d-6ff200e6c366,triply.ninja,available,15.99,30.99,high,high,6,namesilo,,,27/09/2026 06:59
379cbae7-81fd-4a0b-b3b5-45acf0f3c486,gyration.ninja,available,,,high,high,8,,,,
c89f2976-4716-4401-946a-9ce522e4c885,casually.ninja,available,11.98,42.98,high,low,8,namecheap,,,14/09/2026 05:25
6cc2fe0b-a9a2-4ee6-9a9a-712942397d82,layby.ninja,available,,,high,high,5,,,,
06f16ecf-7ee1-4642-8556-9d2c1cdfc2d5,zamang.ninja,available,11.98,42.98,high,low,6,namecheap,,,18/09/2026 03:18
7bfb111e-c3a5-4351-a737-1ca3091350c0,bathed.ninja,available,,,high,high,6,,,,
6cfef9bc-7197-46d1-9aa1-1c6d4ba8770a,rosemarie.ninja,available,,,high,high,9,,,,
32f6fc55-6934-4774-ba8a-f82961dd111f,primarily.ninja,available,11.98,42.98,high,low,9,namecheap,,,27/09/2026 06:58
27d5ca1d-c12a-4b10-9f11-ffa60334aa63,paginations.ninja,available,,,medium,low,11,,,,
2d159dbd-889c-4033-b3de-d870c077d2d0,billpayer.ninja,available,,,high,high,9,,,,
d5b1ed83-76fd-4b53-bc8e-a9b04b44ecdd,conducive.ninja,available,9.99,39.99,high,low,9,name.com,,,12/08/2026 20:30
79014f89-28d4-4337-957d-fda319d45a77,gleaned.ninja,available,,,high,low,7,,,,
7ab5f1f7-ce96-428f-9bb6-0746335b48b9,bony.ninja,available,9.99,39.99,high,low,4,name.com,,,10/08/2026 18:42
10323fbd-e9fe-43b4-b902-603fe93e77ce,tumeric.ninja,available,,,high,low,7,,,,
6a977e98-59e1-4bc1-b28c-86fa828c7f28,wrangler.ninja,available,,,high,high,8,,,,
7eb07b6e-3047-4d70-8cdb-c0b1742c616e,therapist.ninja,available,15.99,30.99,high,high,9,namesilo,,,27/09/2026 06:13
266c0217-3762-4781-a87c-8c5be34c9802,bioactive.ninja,available,11.98,42.98,high,high,9,namecheap,,,27/09/2026 05:05
7cd5f957-f961-4b3c-a9b8-d6f88267c554,youre.ninja,available,9.99,,high,low,5,name.com,,,
897f1098-76f2-4686-ba0b-ca6e8b6ece9a,wokeish.ninja,available,,,high,high,7,,,,
cf69229f-cbf4-4ab3-978d-a3d0d0c89130,solemnise.ninja,available,,,high,high,9,,,,
d4c6f05f-0aaa-43e7-ace8-e5618033ecb8,fraudulent.ninja,available,9.99,39.99,high,low,10,name.com,,,13/08/2026 21:10
392459db-1283-406e-b4ca-6e5f6917ca28,substitutable.ninja,available,,,high,high,13,,,,
a9c593ff-b5b7-42a2-9090-5d5309837eec,mousetrap.ninja,available,,,high,high,9,,,,
7129870a-aa4b-4dc2-94bd-ba34b7f3b837,kissogram.ninja,available,,,high,high,9,,,,
817ec2ed-32a1-4ce2-8273-82d97ec72c39,sozzled.ninja,available,9.99,39.99,medium,low,7,name.com,,,09/08/2026 16:23
605ffaa1-abb3-4bd7-9163-b50eb082e426,gestation.ninja,available,15.99,30.99,high,high,9,namesilo,,,27/09/2026 06:10
a0954e14-00d9-4717-a5e8-2556010bba43,backfill.ninja,available,,,high,high,8,,,,
b45d3948-c4b9-421b-8283-a180ffaf5628,sunil.ninja,available,,,high,high,5,,,,
1a4473d5-315b-42e0-83b2-bf9e03a8be09,parentlike.ninja,available,,,high,high,10,,,,
be2f5fd4-d373-430e-bdae-eac25981b7dd,pointed.ninja,available,11.98,42.98,high,low,7,namecheap,,,08/09/2026 22:36
1870edbf-bc97-44ef-bf12-84e0355b4634,worse.ninja,available,9.99,,high,low,5,name.com,,,
4de610a0-4c55-4878-85f8-f690cdeb0311,jeweller.ninja,available,,,high,high,8,,,,
df3c47fe-f0df-4b43-9dae-90ff029bb7f7,twofold.ninja,available,9.99,39.99,high,low,7,name.com,,,14/08/2026 16:39
2766a354-490f-43ce-950c-cb123c51b100,motives.ninja,available,,,high,high,7,,,,
ac07025e-153d-4831-8222-9225fb511402,hangar.ninja,available,11.98,42.98,high,low,6,namecheap,,,17/09/2026 23:05
5c6d7bd0-a522-4119-9639-d251674d3104,seneca.ninja,available,15.99,30.99,high,high,6,namesilo,,,27/09/2026 05:57
3c36caa0-a02b-4a66-92bb-ef3f012d26b0,otto.ninja,available,,,high,high,4,,,,
d0d29601-d4d4-4bf1-8ccc-4e40ba7cb900,bisect.ninja,available,,,high,high,6,,,,
9f3e412f-bcca-47ec-8ea3-975b19cde216,vending.ninja,available,15.99,30.99,high,high,7,namesilo,,,27/09/2026 05:56
ce278275-f677-4180-81a4-1e831970789a,divisio.ninja,available,,,high,high,7,,,,
617209bf-b8a8-4723-a831-a1e1214b1023,vcd.ninja,available,,,high,high,3,,,,
cb86d42e-27fa-4c81-8756-313c14f04c02,assisted.ninja,available,15.99,30.99,high,low,8,namesilo,,,21/09/2026 23:41
a2467339-1c38-4fe5-9407-a449b23a4b5f,aurum.ninja,available,,,high,high,5,,,,
6ba38034-a085-4d87-af86-185949acd7fa,terminology.ninja,available,,,high,high,11,,,,
5611bd82-0eea-4e96-beee-f9e5ca23b9d2,fruited.ninja,available,,,high,high,7,,,,
686951a1-7a88-4fc1-a152-896b3037c54c,microbar.ninja,available,15.99,30.99,high,low,8,namesilo,,,22/09/2026 03:48
c0813ce3-fc96-4195-b7b3-7657dbe86b59,ordinance.ninja,available,11.98,42.98,high,low,9,namecheap,,,09/09/2026 13:13
22795fee-4218-4d7c-83a4-927e47fb0cd5,fissure.ninja,available,9.99,39.99,high,low,7,name.com,,,13/08/2026 04:18
b28dc437-29dd-42f2-9d4e-c6ef46aed8ec,revengeful.ninja,available,11.98,42.98,medium,low,10,namecheap,,,09/09/2026 16:00
0dc9341e-d298-48b3-a455-b83fad6c0ecc,abiogenetically.ninja,available,,,high,high,15,,,,
1e6b97fe-fc28-48aa-8217-2fac673a5b9d,mistakes.ninja,available,15.99,30.99,high,low,8,namesilo,,,16/09/2026 10:20
aeac6d12-ed19-4c30-858f-d3cf39484222,horrified.ninja,available,9.99,39.99,high,low,9,name.com,,,21/08/2026 14:14
9aef08ec-07f2-4cb2-b1b8-93e02367ae3f,urgent.ninja,available,15.99,30.99,high,low,6,namesilo,,,27/09/2026 06:05
edbb8aa3-a1f3-4058-8492-34dc1b4022bb,indices.ninja,available,,,high,medium,7,,,,
8d605d83-4172-4cb5-926b-7333488f1b23,latinx.ninja,available,,,high,high,6,,,,
4f224d83-3c11-41a4-a5f5-fc694114d96d,connolly.ninja,premium,128.7,128.7,high,low,8,namecheap,,,25/09/2026 22:17
95d76ae3-765f-4db4-b941-319ede347fd4,reignite.ninja,available,,,high,high,8,,,,
95262c7d-a2eb-4a04-8ba0-718beaf1a2e8,conjoint.ninja,available,9.99,39.99,high,low,8,name.com,,,12/08/2026 22:05
b26915ae-1876-4b38-9234-5dd9f6bb7004,music.ninja,available,,,high,medium,5,,,,
4fc30d0d-6407-4ba1-b550-f062d758ffd9,tenner.ninja,available,11.98,42.98,high,low,6,namecheap,,,21/09/2026 10:53
9421501e-fbc1-4549-827b-61608b4349e6,coalesce.ninja,available,15.99,30.99,high,high,8,namesilo,,,27/09/2026 05:40
9349b923-73ab-4923-9cfd-19eefbf5886e,patented.ninja,available,11.98,42.98,high,low,8,namecheap,,,08/09/2026 10:24
26874058-f2eb-47d0-b588-de44f294814e,appointee.ninja,available,15.99,30.99,high,low,9,namesilo,,,19/09/2026 21:58
06f6efc7-be86-4e79-aa51-1ea26bfe6c4c,blackening.ninja,available,9.99,39.99,high,low,10,name.com,,,13/08/2026 18:12
df925078-23b4-4511-a507-e057ebe5fcd3,dashingness.ninja,available,,,high,low,11,,,,
d5f4145c-fad8-4f32-a6a9-dd1512fd1727,subaltern.ninja,available,9.99,39.99,high,low,9,name.com,,,22/08/2026 14:29
cbb158df-139e-4189-92b4-e7c884bd4a04,artifactual.ninja,available,,,high,low,11,,,,
548e982d-086e-437a-8d33-a7940bf235b9,clad.ninja,available,9.99,39.99,high,low,4,name.com,,,12/08/2026 09:13
7fee0d45-9210-400d-8549-bdb7f02679f9,nuvvuagittuq.ninja,available,,,high,high,12,,,,
af544a51-b3a1-40b8-92a9-d8ca147ca062,astonishingly.ninja,available,,,high,high,13,,,,
687c6acf-e185-47e7-9220-32b7e1f31042,greeky.ninja,available,,,high,high,6,,,,
c5ea566f-ed37-4b4c-8103-c7920646db99,panchaia.ninja,available,,,high,high,8,,,,
eba895aa-7b72-4fee-8e4a-ac7e80900eb5,selfsacrifice.ninja,available,,,high,high,14,,,,
6cc0c9a7-0eb9-40cc-9d67-489d877fd6f1,incisive.ninja,available,9.99,39.99,high,low,8,name.com,,,22/08/2026 01:21
0bdf6b73-908e-456b-bb28-ff1768008135,archetypal.ninja,available,9.99,39.99,high,low,10,name.com,,,06/08/2026 15:32
f7566474-b7d9-4c9e-ac00-6bf632ca2c3f,selfassertive.ninja,available,,,high,high,14,,,,
fac02290-463e-4849-a874-e1d701c018ca,desalination.ninja,available,42.98,,high,low,12,namecheap,,,
eef70835-45b3-4309-9b9d-d58e2047619d,learners.ninja,available,,,high,medium,8,,,,
c365444b-a66a-48c9-ac67-9d2ef29d9660,woolwork.ninja,available,,,high,high,8,,,,
708501f3-9128-4ca5-a4d8-effc98b53d2c,gravitons.ninja,available,,,high,low,9,,,,
aee4382f-605b-43cb-b1c6-1a5cf97392fe,subjectively.ninja,available,,,high,high,12,,,,
226379a1-e740-4dbf-ad21-eec5bdae206c,gravitas.ninja,available,,,high,high,8,,,,
77551419-f61e-4f69-93be-516b35896b27,shortwing.ninja,available,,,high,high,9,,,,
ed092e44-cc2c-40f4-830a-de1ef21d42d9,grasp.ninja,available,11.98,42.98,high,low,5,namecheap,,,19/09/2026 22:13
a7f52001-1fc4-446a-862b-26925f8b78f9,decoders.ninja,available,15.99,30.99,medium,low,8,namesilo,,,20/09/2026 07:41
98c29e4f-0fcb-4edc-822b-35d6e0cae96d,crude.ninja,available,15.99,30.99,high,low,5,namesilo,,,24/09/2026 02:12
b7fd2f3c-508f-48d6-a2ce-a4586cd7529f,silver.ninja,premium,854,854,high,low,6,namesilo,,,22/09/2026 07:45
0a448a5b-480d-4144-916d-a1aa88715f18,touting.ninja,available,,,high,medium,7,,,,
7a5bd357-13b7-4145-8e40-f9c892e0fa24,delis.ninja,available,,,high,medium,5,,,,
e38c849c-3531-4214-962e-43a2be259c1b,siddhartha.ninja,available,,,high,high,10,,,,
d5a635d3-f767-495c-b2ba-6c38bf4edb05,permitted.ninja,available,9.99,,high,low,9,name.com,,,
ecf575b3-4cd8-4336-911f-b2c2659660df,glimmer.ninja,available,9.99,39.99,high,low,7,name.com,,,20/08/2026 14:19
6f6876e5-3112-467a-bbea-ac3519379654,needling.ninja,available,,,high,high,8,,,,
10765081-a9fb-4353-9662-0645d5ea130a,halfcourt.ninja,available,,,high,high,9,,,,
4af91f66-7aaf-41db-b713-370eb6a82bd7,laverne.ninja,available,,,high,high,7,,,,
b96b2d9a-3adb-437a-bb96-83e8e7c58c1c,klagenfurt.ninja,available,,,high,high,10,,,,
32a62c14-a79f-493b-bfd0-85cc180acc74,acidproof.ninja,available,,,high,high,10,,,,
eae9610e-287f-4683-aed5-003fe5fb12f5,tensile.ninja,available,11.98,42.98,high,low,7,namecheap,,,11/09/2026 11:30
14e63173-a9bf-4533-b777-87a6b9ecb9f1,doorstep.ninja,available,,,high,high,8,,,,
1e6f1c11-f181-42d8-a3e3-511e1e3527e6,preamble.ninja,available,,,high,high,8,,,,
fac6bbd3-0c37-4b0c-978b-84f2894ac5b6,orgasmic.ninja,available,,,high,high,8,,,,
3f3101de-7ebf-405d-b399-646ffd4ea51b,reappeared.ninja,available,,,medium,low,10,,,,
ea893db3-575c-4a5f-b809-6f40e3e4148b,friedrichstal.ninja,available,,,high,high,13,,,,
5818dfb2-b841-4ed4-9bfd-1cbb02d17f5c,advertize.ninja,available,15.99,30.99,high,high,9,namesilo,,,27/09/2026 06:26
a287bb20-af63-4c6c-915c-b10fa5f6b571,starfighter.ninja,available,15.99,30.99,high,high,11,namesilo,,,27/09/2026 05:57
6c0b8599-8c41-45e7-b807-7dc5efab7a02,orwell.ninja,available,,,high,high,6,,,,
33c46375-807c-4dbf-b0bc-0676820741c1,clothespres.ninja,available,,,high,high,11,,,,
362a6d43-e0ca-4ea2-93c5-4d951b6e0e86,pettiskirt.ninja,available,,,high,high,10,,,,
e3d8c061-56b9-41d3-9a50-03ffd0fb5c84,olfactory.ninja,available,9.99,39.99,high,low,9,name.com,,,04/09/2026 02:12
496f501e-f2e4-454d-a0c8-6af12b90f85b,chinaperson.ninja,available,,,high,low,11,,,,
83feaaad-b96c-4233-b479-12245d221d5f,majorly.ninja,available,,,high,high,7,,,,
f5621e84-7398-4a21-bc0f-16d9d8d01275,milky.ninja,available,9.99,39.99,high,low,5,name.com,,,24/08/2026 23:02
2a791889-a854-4700-86b0-0844634a6be1,radiographer.ninja,available,,,high,high,12,,,,
824b5644-09c8-421f-9886-4e739ad83cad,arching.ninja,available,9.99,39.99,high,low,7,name.com,,,06/08/2026 14:39
d7adcb49-f1f1-4d9c-b9e4-84c73ff59e31,knish.ninja,available,,,high,high,5,,,,
be9753ab-508d-455e-a222-832e1608d408,homely.ninja,available,9.99,39.99,high,low,6,name.com,,,21/08/2026 11:04
9d1fbcb5-e476-4faf-8a7f-95781f1ae74e,marconi.ninja,available,15.99,30.99,high,high,7,namesilo,,,27/09/2026 05:50
1ef0127b-3af8-484a-83b1-3b2acfc9ad1e,vestris.ninja,available,,,high,high,7,,,,
e206fafc-90f6-43b2-89e9-74964dd1b054,biasing.ninja,available,,,high,high,7,,,,
d8edc5c5-8d6c-4473-ba0c-393c9a0b7049,floret.ninja,available,,,high,high,6,,,,
9fa8b954-8378-4d7a-8589-fd8a380a6761,perpetuity.ninja,available,,,high,high,10,,,,
61409c7a-15cd-49ba-86f3-76d4559af35f,communalism.ninja,available,,,high,high,11,,,,
80bfa72b-0244-4bd1-af04-a707ee8b30de,dictionaries.ninja,available,,,high,low,12,,,,
3d7ec474-6b7e-4bbc-9198-aa94b2030112,braille.ninja,available,11.98,42.98,high,low,7,namecheap,,,24/09/2026 08:01
7dd5c188-dafc-48da-822d-f5b2fb2e067c,comps.ninja,available,,,high,medium,5,,,,
2b51109c-c45f-4470-b11a-453dd48daa31,womansplaining.ninja,available,,,high,high,14,,,,
77b2286e-fb99-4e55-8099-f17bfd5a76a9,bedamn.ninja,available,9.99,39.99,medium,low,6,name.com,,,13/08/2026 16:21
dcb7e726-a126-4a55-b2f8-4327f486180c,abolishes.ninja,available,,,medium,low,9,,,,
5e45e6b8-39fc-4bee-bf2c-a45a549aa076,topiary.ninja,available,,,high,high,7,,,,
22df1374-9602-4ef0-952e-05884c3e9d56,juniper.ninja,available,,,high,high,7,,,,
a724e60c-d166-4596-9622-05a73ab69975,encircled.ninja,available,9.99,39.99,high,low,9,name.com,,,16/08/2026 22:19
f74bc5e0-02ef-476a-b827-855572703e0c,corrosion.ninja,available,11.98,42.98,high,low,9,namecheap,,,24/09/2026 18:21
85ebb718-39a0-426d-876b-6c19e9024d7c,antimonarchist.ninja,available,,,high,high,14,,,,
6a8f19d2-6d71-407e-83d8-2ba3f874226a,lander.ninja,available,,,high,high,6,,,,
a1b8806a-b601-4486-a53a-029311d1d946,nicety.ninja,available,,,high,high,6,,,,
b1e09631-6fd4-42c7-bf1c-2051c224345a,rototiller.ninja,available,,,high,high,10,,,,
c0769bd5-ff29-47ea-bae3-b164076ecabb,collaborations.ninja,available,,,high,low,14,,,,
64c1739a-51db-40e0-aff5-ed06530d7e57,pilgrimage.ninja,available,42.98,,high,high,10,namecheap,,,
b3ff8189-9eb3-4bca-8497-073eb2270185,calculi.ninja,available,,,medium,low,7,,,,
c7030688-52b6-4116-ac7e-2de098867987,stocktaking.ninja,available,,,high,high,12,,,,
ce5709a7-fdc0-4d2d-a42c-3cbd3ce8907c,missional.ninja,available,9.99,39.99,high,low,9,name.com,,,25/08/2026 01:50
f90a89c5-d4f7-42c8-bd8b-43331845d571,cognize.ninja,available,,,high,high,7,,,,
76ce449f-8839-4255-ad6c-c5fd93fece18,annular.ninja,available,9.99,39.99,high,low,7,name.com,,,
2d40cfab-242b-4743-8032-08d9c3982a33,scouser.ninja,available,9.99,39.99,high,low,7,name.com,,,24/08/2026 08:11
f1a98a36-e1ba-43f0-9097-a09e05fa5e55,masquerading.ninja,available,,,high,high,12,,,,
70215da1-dd5e-4f09-8bea-deaebe780f5f,deselect.ninja,available,,,high,high,8,,,,
d3fae7b4-977b-4581-8eba-d9c108149e79,ramsey.ninja,available,15.99,30.99,high,low,6,namesilo,,,25/09/2026 15:22
f7562d19-dbab-413c-a7da-788492d93aec,epidural.ninja,available,9.99,39.99,high,low,8,name.com,,,17/08/2026 10:52
4330b176-e967-46fe-ba62-979ab69d3b5f,hume.ninja,available,15.99,30.99,high,low,4,namesilo,,,25/09/2026 04:46
8753dc26-2ba8-49f1-9183-cd39cb42fc04,centerpieces.ninja,available,,,high,low,12,,,,
a5a5e363-4cee-40d1-9959-620d71a8fe3e,adviewed.ninja,available,,,medium,low,8,,,,
249eb26d-2991-4304-a7aa-515185a466c5,vindications.ninja,available,,,medium,low,12,,,,
c885dda1-5afd-40ee-a275-03aee9bb7b0b,though.ninja,available,15.99,30.99,high,low,6,namesilo,,,16/09/2026 08:58
3faee99e-2851-4dc5-8f98-23e350336b8b,speechlike.ninja,available,,,high,high,10,,,,
52d9e070-b36d-46d5-9243-c7fe0063a2e3,cenozoic.ninja,available,9.99,39.99,high,low,8,name.com,,,11/08/2026 23:46
681a9c6b-860c-451d-b6bb-7dc4e98f0529,chemists.ninja,available,,,high,low,8,,,,
64c07a90-6e6e-4404-b879-560380fa1f34,motherlike.ninja,available,9.99,39.99,high,low,10,name.com,,,25/08/2026 07:04
9ac04489-11d2-49e4-80e3-1c52794ffd42,phocine.ninja,available,11.98,42.98,high,low,7,namecheap,,,08/09/2026 18:58
489bf2b3-9a84-48a0-a691-ee3e8abddc80,woodcrafts.ninja,available,,,high,low,10,,,,
aa7d3d2b-2b30-4e85-95af-52b46144eed9,parity.ninja,available,15.99,30.99,high,low,6,namesilo,,,24/09/2026 13:55
3b2db4ae-ae7f-4f38-86f3-8689979b217f,corset.ninja,available,,,high,high,6,,,,
eb662ac3-21ef-456d-b1a0-ce984948db89,allocation.ninja,available,15.99,30.99,high,low,10,namesilo,,,18/09/2026 11:47
84e48aa3-f16e-4744-9d68-22ab953e0e02,bywords.ninja,available,,,medium,low,7,,,,
5b8852c3-6618-49ca-b0b2-11ac2ab569e6,ruger.ninja,available,,,high,high,5,,,,
161b7b16-7348-4478-ab97-58b39f9ee2a7,airlike.ninja,available,9.99,39.99,high,low,7,name.com,,,
8b733656-c37a-4718-b04f-0c41b44f1e3a,diazepam.ninja,available,,,high,high,8,,,,
0137d25e-4e4e-48fe-b213-143d2bce1e76,agua.ninja,available,11.98,42.98,high,low,4,namecheap,,,17/09/2026 20:04
f61eb532-8fcc-4060-bf27-dd29cb4ff857,coinsure.ninja,available,,,high,high,8,,,,
858cc351-5812-4734-9762-44418101987e,screening.ninja,available,9.99,,high,low,9,name.com,,,
3baf0da0-a412-4de2-8cdf-951e2118de4e,commiefornia.ninja,available,,,high,high,12,,,,
1a64be1b-c640-4c8d-9962-1a9d35a9263e,attorney.ninja,premium,118.8,118.8,high,low,8,namesilo,,,
a756fbd6-6898-4fd7-ac66-9e2ef6c09b8a,unquestionable.ninja,available,9.99,,high,low,14,name.com,,,
81e3e280-8d78-4cc5-b144-c6af346f4e2d,jot.ninja,available,,,high,low,3,,,,
32cd5ee9-d11e-4cd7-8c5d-e625c286889e,hiss.ninja,available,15.99,30.99,high,low,4,namesilo,,,24/09/2026 06:41
8c5dfd53-030c-4afb-a28a-469641df7775,risible.ninja,available,9.99,39.99,high,low,7,name.com,,,12/08/2026 19:02
21d100e8-aac5-470c-b995-73a41cc80bd9,platemaking.ninja,available,,,high,high,11,,,,
092ab042-7afd-49ba-9187-92daddea9418,oncologist.ninja,available,,,high,high,10,,,,
4c8ba07d-20a5-4535-8828-c2c0b24a7d2d,gyrator.ninja,available,,,high,high,7,,,,
079d0104-ec83-4bb7-8e6b-05ff5a7ffd4c,broadsheet.ninja,available,9.99,39.99,high,low,10,name.com,,,11/08/2026 05:08
3ac58b18-4f7f-4d98-a563-b1f49cb4ffa6,outthink.ninja,available,,,high,medium,8,,,,
fd8e3ec1-12b1-4aa9-8efe-53eb7b918ee1,nonchalant.ninja,available,9.99,39.99,high,low,10,name.com,,,11/08/2026 20:36
aee8437e-709e-48d8-ad5b-16acc394b3d5,email.ninja,premium,854,854,high,medium,6,namesilo,,,
51949af0-2e76-4150-bbf4-1b2624d24da3,regather.ninja,available,,,high,high,8,,,,
9ec38b98-f3be-41ad-a016-804947c7b6ef,topscore.ninja,available,,,high,high,8,,,,
eeb06f84-1e10-4dc2-a2d3-7f2bfd9c94c7,streamers.ninja,available,11.98,42.98,high,low,9,namecheap,,,20/09/2026 01:44
ad700db4-d65d-466f-9b31-fbbf73fdb682,auricular.ninja,available,9.99,39.99,high,low,9,name.com,,,07/08/2026 17:46
7e188418-8e55-4089-bcc9-ad82f35e82b0,elizabethan.ninja,available,,,high,high,11,,,,
5528c0b4-160d-4eef-a603-be7840d7d7fb,prima.ninja,available,,,high,low,5,,,,
6d227ac7-a905-423e-8fa0-de1802fee0b5,visualize.ninja,resell,,,high,low,9,"Domain.com - Network Solutions, LLC",31/03/2021 01:40,31/03/2027 01:40,26/09/2026 10:01
a2bf313c-a0bd-4bb9-a7c7-c0de979e90ab,adjutant.ninja,available,15.99,30.99,high,low,8,namesilo,,,17/09/2026 08:35
aec46b28-0ffe-49a1-a7cf-88718a3deee7,nestlike.ninja,available,,,high,high,8,,,,
e41c9462-9566-41ae-857c-ef1069048579,hexachord.ninja,available,,,high,high,9,,,,
3360792e-6909-49d0-821a-d60dd297e7f5,dongles.ninja,available,,,high,low,7,,,,
121ad05c-5573-4c08-aa68-bb7ea3c0e9ba,requirement.ninja,available,9.99,,high,low,11,name.com,,,
f25a7a89-07a3-4223-af47-ba9e7ee35b32,impression.ninja,available,9.99,,high,low,10,name.com,,,
e95aa8b4-2455-4b02-8c9f-3fc737172500,sophisticated.ninja,available,9.99,,high,low,13,name.com,,,
fb2d3c80-87b6-4d2e-8649-502e50857b46,buccaneers.ninja,available,,,high,low,10,,,,
3693a112-3944-41fc-95e3-0cd7a7bdc8ff,zarathustra.ninja,available,,,high,high,11,,,,
8164fe52-1873-422b-ae32-7054e35616a6,contemplated.ninja,available,,,high,high,12,,,,
8b0bd6cc-ea69-4332-881b-44888a3a6b2b,girllove.ninja,available,,,high,high,8,,,,
3a1f5c41-9c23-4e2c-bb65-64d6778bc2d0,midventral.ninja,available,,,high,low,10,,,,
985b95a3-f387-4cd0-ab7d-772c83580102,pastoralism.ninja,available,,,high,low,11,,,,
2a24f7c9-8f84-4fba-a3e5-80c18dd2df1d,surged.ninja,available,,,high,low,6,,,,
3233ad6d-7e23-4df8-9228-97cf7f721342,cerebrate.ninja,available,,,high,high,9,,,,
11bbba60-d2cf-462d-84e9-c8b0834799b9,maverickish.ninja,available,,,high,high,11,,,,
567ff859-7ed9-482c-9d36-4c7be1618c43,bigot.ninja,available,11.98,42.98,high,low,5,namecheap,,,23/09/2026 15:20
868796bf-f814-4e70-9315-07eef5adf293,gould.ninja,premium,118.8,118.8,high,low,5,namesilo,,,25/09/2026 06:39
3aa6b304-6fcf-4f9e-bc7d-58fc93469ccb,analogize.ninja,available,,,high,high,9,,,,
c00e45d2-9d55-42f1-9018-10f02b6eadd9,wilful.ninja,available,9.99,39.99,high,low,6,name.com,,,18/08/2026 16:39
704cf565-994c-42f6-b875-ddde183534c6,sichuan.ninja,available,,,high,high,7,,,,
4ccdf70e-790c-4f9c-bef4-79aa66c20dce,apportionments.ninja,available,,,medium,low,14,,,,
d615ac89-8b8c-425d-a022-855c38ecb0af,queene.ninja,available,,,high,high,6,,,,
e591b0b9-54de-4ffa-aba0-8960ff6d8d17,cypriote.ninja,available,9.99,39.99,high,low,8,name.com,,,13/08/2026 14:05
891e66d2-ba64-46bf-a31f-525533a219e6,wetheral.ninja,available,,,high,high,8,,,,
1f371ee3-f7ad-4e44-a39c-08f4cca27082,nrma.ninja,available,,,high,high,4,,,,
b36ed266-bbff-4ebc-b759-267aae63c453,skytime.ninja,available,,,high,high,7,,,,
01cf456e-1776-4394-aca9-e18f1d3c9cac,approx.ninja,available,15.99,30.99,medium,low,6,namesilo,,,27/09/2026 02:29
3f520e33-e4c4-4c4c-9063-8911501dfefe,sprints.ninja,available,,,high,medium,7,,,,
df8e907e-e850-4514-9973-c547311c825e,skeptical.ninja,available,9.99,39.99,high,low,9,name.com,,,14/08/2026 09:34
ea33de26-5cc3-4458-9ff5-ffcb54ea44d4,jeer.ninja,available,9.99,39.99,high,low,4,name.com,,,22/08/2026 12:37
9f2e7da8-df9b-4266-83e1-90dcd5dc8e29,passerine.ninja,available,9.99,39.99,high,low,9,name.com,,,08/09/2026 02:29
93a273e4-d90c-4a32-b1aa-13c172292870,infernal.ninja,available,9.99,39.99,high,low,8,name.com,,,10/08/2026 12:50
014833d1-4b4b-42e6-82ed-20b96a1e6449,butters.ninja,available,,,high,medium,7,,,,
4a351d1a-4761-472d-abbc-9dd58feead4e,hotelkeeping.ninja,available,,,high,low,12,,,,
88681c18-3994-4400-8ad2-c4c0f79c1524,leaky.ninja,available,9.99,39.99,high,low,5,name.com,,,22/08/2026 22:01
b0bcee8d-021c-4121-a79f-d81b0e873efd,segmented.ninja,available,9.99,39.99,high,low,9,name.com,,,24/08/2026 21:43
00f771c2-8054-40b2-9911-b6c87033c5c9,pushkin.ninja,available,11.98,42.98,high,low,7,namecheap,,,18/09/2026 05:07
f72f0e6f-4a14-48da-a279-25fa52bf4fec,venter.ninja,available,15.99,30.99,medium,low,6,namesilo,,,16/09/2026 14:46
9cf478ab-2405-45e5-be96-3bc38fee2ca0,centrepins.ninja,available,,,medium,low,10,,,,
b861d18c-cf55-466b-b4ec-b5df488594ca,superanalog.ninja,available,,,high,high,11,,,,
3ca039cc-553b-46d9-ab6c-ea3e3ab75fc9,menorah.ninja,available,,,high,high,7,,,,
255b9474-e4a3-4552-b09d-644105fcb73b,hampered.ninja,available,,,high,high,8,,,,
3712c3b1-2123-4a17-a357-56151fba9a65,caligula.ninja,available,,,high,high,8,,,,
52e04d36-dd13-4018-9b54-7c341f348a28,sello.ninja,available,,,high,medium,5,,,,
f23aca3a-f8de-4e7b-b003-72825f8c3ad1,breakfasts.ninja,available,15.99,30.99,high,low,10,namesilo,,,20/09/2026 13:21
71c79f9d-dbda-4eb3-8775-de57816c8bf8,dotlike.ninja,available,,,high,high,7,,,,
dddcaed5-7ef9-468b-b2ad-21b976befda8,scolds.ninja,available,,,medium,low,6,,,,
c07a4fbb-6f68-4895-abdf-634177b9b3e6,ldl.ninja,available,15.99,30.99,high,low,3,namesilo,,,23/09/2026 10:53
4a62de23-ecd8-4d45-a769-b89d19d173d8,databases.ninja,available,,,high,medium,9,,,,
ef9d35a1-d3a1-4b8f-b258-4a2494297891,hum.ninja,available,9.99,,high,low,3,name.com,,,
42857520-eb22-433f-a820-73f8fa3cd0b0,justifiability.ninja,available,,,medium,low,14,,,,
38dcc84e-8cab-46e6-89d0-27f711852f66,weep.ninja,available,15.99,30.99,high,high,4,namesilo,,,27/09/2026 05:07
870740b8-16c5-46b8-a5c4-ba048639fe55,uncok.ninja,available,,,high,high,5,,,,
30b5114c-08d2-43a5-b901-d64387dc7c2a,bedder.ninja,available,15.99,30.99,high,low,6,namesilo,,,22/09/2026 23:13
dfda0524-bd5f-492e-aa07-ac90946d9859,landmass.ninja,available,,,high,high,8,,,,
1f62e6e7-f33b-4cc2-a0df-5a23deb59c30,wonderingly.ninja,available,,,high,high,11,,,,
463db9dd-ba44-49e1-826b-ed307780aa1f,photocopier.ninja,available,,,high,high,11,,,,
7deaefd8-3ee4-4c27-a430-f774749bb47b,configure.ninja,available,15.99,30.99,high,high,9,namesilo,,,27/09/2026 05:53
37546b48-b19b-436a-853f-9b710977e41c,megahertz.ninja,available,,,high,high,9,,,,
f597d2dc-148a-415d-a440-50a34df4f1fb,survival.ninja,available,15.99,30.99,high,high,8,namesilo,,,25/09/2026 14:32
ec80e20f-074a-4fd4-8c3b-ac9468be69ba,clinicians.ninja,available,,,high,medium,10,,,,
f1a2fe34-fd06-4d11-9ebe-453d79233ef1,acca.ninja,available,,,high,high,4,,,,
abb532a5-d071-4fa2-9d80-41f6be36707e,generous.ninja,available,9.99,39.99,high,low,8,name.com,,,18/08/2026 21:29
94933808-02e3-49d2-8575-6b8d754ad862,potatos.ninja,available,,,high,medium,7,,,,
b23dc6ac-4d54-490c-bd8b-fbaebddea2a1,terribly.ninja,available,15.99,30.99,high,low,8,namesilo,,,22/09/2026 15:23
d7e4cd3e-2542-472a-b903-cd97862276a0,fermium.ninja,available,15.99,30.99,high,low,7,namesilo,,,20/09/2026 21:55
131a27b0-f92e-4edc-a9ec-9e0c010461b8,commoditize.ninja,available,,,high,high,11,,,,
d7097ae9-5ccc-491a-a260-f11dbaf7f4b7,wire.ninja,available,9.99,,high,low,4,name.com,,,
310d59fd-c04a-4a9e-8e7b-e4eb9de33001,orangey.ninja,available,,,high,high,7,,,,
67d52923-61dd-49fc-b5cc-9ef9d7fd32de,tangent.ninja,available,,,high,high,7,,,,
71429f09-b6b3-49a7-9b76-7bb66c625ebd,slides.ninja,available,,,high,medium,6,,,,
c2485532-a8e3-408b-b65c-ef436eb38e47,homeschooled.ninja,available,,,high,low,12,,,,
34ed2c18-3e02-4036-a4da-cab06c25ef72,ljubljanan.ninja,available,,,high,high,10,,,,
51c06288-271a-4df4-b17e-3cdaa4ea7f2a,gotts.ninja,available,,,high,high,5,,,,
92e2127a-3bb1-41e1-8232-3c224181d59a,bromide.ninja,available,9.99,39.99,high,low,7,name.com,,,12/08/2026 19:15
886cb28d-93b7-4e96-9488-1b33e28ec30a,hyacinth.ninja,available,,,high,high,8,,,,
03653736-9fc6-4990-b45c-758d0c2daacd,jellyroll.ninja,available,,,high,high,9,,,,
9437997a-1f55-4683-b094-f17a50882776,snorkelling.ninja,available,,,medium,low,11,,,,
e1365c90-ade3-4062-a727-7a24ee1e6d70,segue.ninja,available,15.99,30.99,high,high,5,namesilo,,,27/09/2026 05:46
2a7f96ef-064c-4bb3-b041-48b0013a9f99,stapling.ninja,available,,,high,high,8,,,,
5a6b630e-2416-45f2-b42c-3de04ca0f4f1,defraud.ninja,available,11.98,42.98,high,low,7,namecheap,,,14/09/2026 08:02
2b0bb1e5-c311-4878-a69e-49b123b45a06,modulator.ninja,available,,,high,high,9,,,,
f83c54ae-6354-4d86-86c5-b22961a1db8e,harcourt.ninja,available,15.99,30.99,high,low,8,namesilo,,,27/09/2026 08:10
5d0dafb3-dcdb-4571-aada-3c67eb7bfbd6,strides.ninja,available,,,high,high,7,,,,
d8f6bdf5-7758-4848-a59a-5a98879ee0cd,radiothon.ninja,available,,,high,high,9,,,,
53837882-796a-439e-a242-870120a14f92,unacquainted.ninja,available,,,high,high,12,,,,
b5812eef-fd1a-46c1-960b-6f3cc6f4637f,anaesthetist.ninja,available,,,high,high,12,,,,
a2bead41-2d54-4a42-bd8a-19e11631c1df,manuel.ninja,available,15.99,30.99,high,low,6,namesilo,,,25/09/2026 15:00
1cec59b7-fcbe-41c4-ab8f-f50bd6e942c6,handywork.ninja,available,,,high,high,9,,,,
ffbb41ca-fd4d-440d-8c9c-bb07ef552b17,chimes.ninja,available,,,high,medium,6,,,,
7f9131e4-6f03-4f1f-b5bf-88a167e546b4,sassy.ninja,available,11.98,42.98,high,low,5,namecheap,,,04/09/2026 20:24
4dbc9cf1-f417-44cd-af4e-c40cc057347d,precincts.ninja,available,,,high,low,9,,,,
72183e02-d637-45e9-a514-b3e7f92d1890,arab.ninja,premium,118.8,118.8,high,low,4,namesilo,,,06/08/2026 11:10
dd0ce4af-4eb1-4cd7-b84d-3d02ce5446f2,eastward.ninja,available,9.99,39.99,high,low,8,name.com,,,14/08/2026 22:48
ff9edf21-74a7-4fd3-9129-f5bf4f851658,downpour.ninja,available,15.99,30.99,high,low,8,namesilo,,,24/09/2026 16:02
f1374b79-7212-49f1-a1bc-b98dd8d42c13,thorough.ninja,available,9.99,39.99,high,low,8,name.com,,,17/08/2026 17:10
0d793f42-9d50-4b51-9342-89473a32e051,acing.ninja,available,,,high,low,5,,,,
4ac67599-1d6b-4b3c-b656-8a9c0fabf8d1,botanic.ninja,available,9.99,39.99,high,low,7,name.com,,,10/08/2026 20:46
1a7cb06e-cd49-4223-bd34-ab98e0f62e5b,cured.ninja,available,9.99,39.99,high,low,5,name.com,,,13/08/2026 01:35
8ffbedeb-3b02-4617-9755-233835f2364e,macros.ninja,available,,,high,low,6,,,,
d49b1c95-f7a3-4882-915a-fd44043abf2f,dominicans.ninja,available,,,high,low,10,,,,
2ecec205-bcf0-471a-8491-da86e84979d5,outlander.ninja,available,9.99,39.99,high,low,9,name.com,,,
4ad53a78-8566-4dcc-90e7-d28e09d9718b,roswell.ninja,available,,,high,high,7,,,,
9a550eb9-e45b-4ad8-b4fd-f500dc32554f,dignitary.ninja,available,9.99,,high,low,9,name.com,,,
752a8c6d-2d8d-4a36-97d2-cc232b9d4bb9,cryptical.ninja,available,9.99,39.99,high,low,9,name.com,,,11/08/2026 12:19
37901fd2-90fa-4119-bd8f-72828b0fea99,boroughhood.ninja,available,,,high,low,11,,,,
06b615d0-bf4b-425f-ba76-98cb3c53a726,amur.ninja,available,15.99,30.99,high,low,4,namesilo,,,19/09/2026 00:13
127d93c8-d6dd-4397-9e70-be58c7173caa,emmie.ninja,available,,,high,high,5,,,,
35521088-7821-45d5-a363-8e5fa29aa8d0,several.ninja,available,9.99,,high,low,7,name.com,,,
3d961997-8859-49aa-a656-4c2baab69176,tenderest.ninja,available,,,medium,low,9,,,,
7a2d09ce-350e-4276-aad6-3abffe7a0505,poet.ninja,available,15.99,30.99,high,low,4,namesilo,,,27/09/2026 05:01
2c2f401b-b90a-4e49-ba39-058507271811,meddle.ninja,available,9.99,,high,low,6,name.com,,,
f7a82cbe-0ce9-48f1-824b-59c63af25686,snowing.ninja,available,,,high,high,7,,,,
d586d377-c1c4-4240-8aae-5c9f656f5a8d,terabytes.ninja,available,,,high,medium,9,,,,
358cec67-8dc3-4e63-9923-d22f74a25d0b,leafcutting.ninja,available,,,high,high,12,,,,
278f0cb9-c3da-4b34-a328-1de459b0515a,whittlesea.ninja,available,,,high,high,10,,,,
defeac1f-1420-4de5-b31c-28850ad6d16c,countercultural.ninja,available,,,high,high,15,,,,
dd04e227-0d5a-4ec7-b1dd-b8cc8b35a8c2,subthread.ninja,available,,,high,high,9,,,,
c54ee677-8955-439e-b2e7-adabba99ed1d,whodunnit.ninja,available,,,high,high,9,,,,
2f328073-dc16-4258-882c-6a58bb63eac7,eloquence.ninja,available,,,high,high,9,,,,
8cdee2b7-c08d-4815-a86a-fe7823f6e9f5,vowing.ninja,available,,,medium,low,6,,,,
ddde8c0c-857f-433b-be23-cc56ec41fd82,swans.ninja,available,,,high,medium,5,,,,
20fe3a4b-b8d7-46c0-8ea1-71f7dbcad1ec,selfinclusive.ninja,available,,,low,low,14,,,,
66f2a7ba-8587-4971-ad7c-1e56ba358b58,climbers.ninja,available,,,high,low,8,,,,
25efed89-29ae-482c-99f4-6d5cb3122ecc,fuscous.ninja,available,9.99,39.99,medium,low,7,name.com,,,18/08/2026 19:02
4d0a5f9d-0cb2-4785-bdb8-cae164e2b021,ibooks.ninja,available,,,high,medium,6,,,,
27d36c83-0da7-4f52-85c3-f9b4dc7f675b,vid.ninja,resell,,,high,high,3,Realtime Register B.V.,23/11/2017 22:37,23/11/2026 22:37,26/09/2026 09:59
a5b5e846-f5bc-4eb1-96a8-8c51b43de617,betoken.ninja,available,15.99,30.99,high,low,7,namesilo,,,21/09/2026 03:31
5851f6a6-d3ae-4029-b935-5defc7b63df7,ameboid.ninja,available,9.99,39.99,high,low,7,name.com,,,
e14354a8-358c-410e-8d3e-f22459e12f27,suzy.ninja,available,,,high,high,4,,,,
4d79263d-47ec-4a42-bc15-3fc21ec63aa2,countries.ninja,available,9.99,,high,low,9,name.com,,,
33609e46-2fad-4ca0-818c-008c54e5d514,zucchini.ninja,available,,,high,high,8,,,,
dbee246c-eb44-42c4-b362-aafe6e60e409,arterial.ninja,available,9.99,39.99,high,low,8,name.com,,,06/08/2026 22:29
c8ebbf99-df04-42e4-9111-ed16f526ef19,britpop.ninja,available,,,high,high,7,,,,
6c2accce-1f6f-4976-b9e7-a6bd95087134,versailles.ninja,available,,,high,high,10,,,,
f722e33d-654d-46d6-85ec-331a0eaced0f,arena.ninja,available,9.99,,high,medium,5,name.com,,,
e4c7859e-5c38-4778-a012-d38ecfb31985,hypothesis.ninja,available,15.99,30.99,high,high,10,namesilo,,,27/09/2026 05:35
cb13a4f2-701d-4d64-8f32-0c5be66ea6ad,capercaillie.ninja,available,,,high,high,12,,,,
0b3ff34a-797d-412f-9195-f0c3827d9f10,prezzie.ninja,available,,,high,high,7,,,,
78ed75af-a635-401e-98bd-917db0a86ff4,vested.ninja,available,11.98,42.98,high,low,6,namecheap,,,13/09/2026 04:49
ffc2dc8a-aa5e-462e-83b8-8516b73943d8,monocarp.ninja,available,,,high,high,8,,,,
fc347cea-8775-4374-983b-e99bd58dce48,brunei.ninja,available,,,high,high,6,,,,
d4961b03-6738-47e6-8b22-f8bb2af10bbd,yeppers.ninja,available,,,high,high,7,,,,
b0413a80-ff33-4615-b388-a688afe2abc0,voyage.ninja,available,11.98,42.98,high,high,6,namecheap,,,27/09/2026 05:44
6b05fd75-b2fc-4272-bf03-8717c622b9f5,furthermore.ninja,available,15.99,30.99,high,low,11,namesilo,,,17/09/2026 08:41
53a95c08-2cab-47a0-987e-ba57815c1a05,parchments.ninja,available,,,medium,low,10,,,,
712c3b03-58b3-4181-86de-89baac54f583,mosaicry.ninja,available,,,high,low,8,,,,
05b8bd98-14d7-4207-bc8b-0948460b9c73,infj.ninja,available,,,high,high,4,,,,
62ee3b0c-5b58-4c2e-adcf-75fe3d07c4e2,filipino.ninja,available,9.99,39.99,high,low,8,name.com,,,18/08/2026 04:19
42579672-ea6b-4243-8ca6-1d898b75d32c,unending.ninja,available,9.99,39.99,high,low,8,name.com,,,
2907fdcc-75e4-4fe0-8ab5-064a60428aeb,niacin.ninja,available,,,high,high,6,,,,
b5c2d495-7fa5-40f4-85ad-cb4a6833ba0e,triploid.ninja,available,11.98,42.98,high,low,8,namecheap,,,11/09/2026 20:10
9fb4179d-4448-45bd-a1de-fbcfa2036f8f,conjuror.ninja,available,,,high,high,8,,,,
bde0df7a-db02-49a9-a72a-396cee5c743e,neophytes.ninja,available,,,high,low,9,,,,
9ef91e71-180d-4277-ab4b-241f7a920f9b,reparation.ninja,available,,,high,high,10,,,,
e48711c9-fe89-4b5d-b440-370d65086fbe,tanzanian.ninja,available,11.98,42.98,high,low,9,namecheap,,,11/09/2026 08:09
1da8383d-0275-43a5-92e1-5019690602b1,delphic.ninja,available,9.99,39.99,high,low,7,name.com,,,14/08/2026 00:46
cf059453-19d7-4302-873e-907bcc841239,lucrative.ninja,available,15.99,30.99,high,low,9,namesilo,,,25/09/2026 15:34
97205129-093a-4a95-a446-bef6992ea91a,feetlong.ninja,available,,,high,high,8,,,,
a11365fe-f88a-4a70-b62a-a9e4c5f833bf,perfumy.ninja,available,,,high,high,7,,,,
c058c74e-4abb-4e77-86d4-2732472b2b6c,qatari.ninja,available,9.99,39.99,high,low,6,name.com,,,22/08/2026 15:09
cb748b29-27e4-4d2d-bbc2-31919c00274f,breakthrough.ninja,available,11.98,42.98,high,high,12,namecheap,,,27/09/2026 06:19
07ef553f-3cd1-4ed3-82d9-5dc94057a65e,smaller.ninja,available,15.99,30.99,high,low,7,namesilo,,,25/09/2026 14:03
6634dd4e-31a1-4a26-a6d0-0b4dde982f8d,copasetic.ninja,available,9.99,39.99,high,low,9,name.com,,,13/08/2026 00:20
efea9cba-ccdb-4ba9-9ced-0e6487c0c265,frantic.ninja,available,9.99,39.99,high,low,7,name.com,,,18/08/2026 14:15
a44e04f3-58e2-4d1b-b8e1-5a1b8adc5b2b,claudia.ninja,premium,123.75,123.75,high,low,7,name.com,,,25/09/2026 13:43
149a0317-0121-4a51-ab46-01a9dd2519cf,shovels.ninja,available,9.99,39.99,high,low,7,name.com,,,20/09/2026 10:22
42dde844-78ef-48fb-9f7e-0d086092d6cf,microsized.ninja,available,,,high,high,10,,,,
56dba6d5-fb7e-4a9a-9ef3-6f6ac8052a9f,leveraging.ninja,available,,,high,high,10,,,,
b1087103-3ce8-43c3-ae11-dfa2846e96dc,brasilia.ninja,available,,,high,high,8,,,,
8473ee07-e61a-4450-a3b4-f7c56f4e14f6,caprese.ninja,available,,,high,low,7,,,,
1a9d526b-7ef1-49b6-99ec-dd09a6d8735d,forthcoming.ninja,available,,,high,medium,11,,,,
b44c1c83-df83-4233-adb8-6d70687bd35c,rigour.ninja,available,11.98,42.98,high,low,6,namecheap,,,20/09/2026 14:57
56663634-982a-4736-9db0-9c22474b6ea6,unconcealed.ninja,available,,,high,high,11,,,,
c6359f22-89e0-49a2-887f-3d9a96ba2ef2,aeonian.ninja,available,9.99,39.99,medium,low,7,name.com,,,
6530a9e9-d910-4238-afd0-2b877cdbe38c,socializing.ninja,available,15.99,30.99,high,high,11,namesilo,,,27/09/2026 05:45
c281cbdc-2e2c-4195-b7e6-77d6502de302,diodelaser.ninja,available,,,high,high,10,,,,
b9b15bae-4592-47bd-b9f0-dc93ec160eb1,panty.ninja,resell,,,high,low,5,"NameCheap, Inc.",27/08/2018 21:10,27/08/2027 21:10,26/09/2026 08:01
bab7ec56-9715-428d-a2c8-a0c0c3c9c40e,ergodic.ninja,available,9.99,39.99,high,low,7,name.com,,,17/08/2026 12:09
97156b64-15e1-41a8-8c5c-e5184e2435e1,ponderable.ninja,available,9.99,39.99,medium,low,10,name.com,,,12/08/2026 15:42
5347a940-0bf0-4807-a19c-058e7a89e24a,loon.ninja,available,11.98,42.98,high,low,4,namecheap,,,17/09/2026 07:03
3755c307-f19f-4563-8953-021fc0351e29,whisking.ninja,available,9.99,,high,low,8,name.com,,,
9bfec04c-b3b3-4c49-82f8-666b50ee148c,defog.ninja,available,,,high,high,5,,,,
8ace7497-798a-4000-b9f6-f50edd3d0dc4,bagnio.ninja,available,11.98,42.98,medium,low,6,namecheap,,,21/09/2026 18:19
3f8ec391-cb50-4abd-a853-026e939a7c6c,erecycling.ninja,available,,,high,low,11,,,,
366b6b09-582b-4476-8b55-028e01c30b6b,jobber.ninja,available,,,high,high,6,,,,
68f31412-e40a-4208-b619-a2d61c2ca71a,activating.ninja,available,9.99,39.99,high,low,10,name.com,,,
b72892b4-5266-42e9-8754-03c517ab6b7e,folklorist.ninja,available,,,high,high,10,,,,
93f13419-66ee-4ae5-8947-1240cad40d58,computor.ninja,available,,,high,high,8,,,,
5770dc4c-4e4a-4a04-badb-a3d0a87dff38,aluminise.ninja,available,,,high,high,9,,,,
aba18b3a-78bb-48be-9e64-82076603558a,pigeons.ninja,available,15.99,30.99,high,low,7,namesilo,,,20/09/2026 07:08
a245f6a7-e491-42a0-a90d-985ea2114180,sterilise.ninja,available,,,high,high,9,,,,
3ced5b52-4fe0-4b04-96c4-40d9ba82be0e,gladness.ninja,available,15.99,30.99,high,high,8,namesilo,,,27/09/2026 05:51
25277dab-d2d3-43d1-8997-857f6debd939,pummelo.ninja,available,,,high,high,7,,,,
0d3542a2-0540-4150-be83-5d9fbc2396c5,aural.ninja,available,11.98,42.98,high,low,5,namecheap,,,22/09/2026 12:49
23e19c28-01dc-49d1-9d7a-a59d3ecac158,salience.ninja,available,,,high,high,8,,,,
0b874379-3972-490b-86dd-dc7f71778a3b,barbuda.ninja,available,15.99,30.99,high,low,7,namesilo,,,22/09/2026 05:04
c4c42275-ad9f-4c0e-9790-745c0c6b9e52,reamer.ninja,available,,,high,high,6,,,,
b650ac4b-eb15-45e9-a524-0be4df4d80d9,bellflowers.ninja,available,,,medium,low,11,,,,
56382718-8dcf-4592-aa7a-929952942bb0,daenerys.ninja,available,,,high,medium,8,,,,
e553039a-ece2-4288-b13d-98d87bc144f3,serenades.ninja,available,,,high,low,9,,,,
809b0e70-92fc-4d15-b1ad-b515e77268be,obsessive.ninja,available,15.99,30.99,high,low,9,namesilo,,,25/09/2026 23:45
e5265e71-f4af-4363-9a62-5ac0de93e53c,championship.ninja,available,11.98,42.98,high,low,12,namecheap,,,27/09/2026 02:00
b082061d-ade5-424b-8c33-43876ee57875,beatboxing.ninja,available,,,high,high,11,,,,
32de5981-62d0-4b2b-b52a-2b03a322c023,conciliations.ninja,available,,,medium,low,13,,,,
f217142e-8303-4881-890a-45d0324603c1,soho.ninja,available,15.99,30.99,high,high,4,namesilo,,,27/09/2026 06:14
cd1e6cdf-4bba-4123-a21e-43636a686eeb,idealize.ninja,available,,,high,high,8,,,,
dee29520-36a6-4f70-aedd-3609f88f26af,meetings.ninja,available,11.98,42.98,high,low,8,namecheap,,,27/09/2026 10:46
b7cfa7c4-8837-42ed-a5c7-2049b6d4b196,mesocyclone.ninja,available,,,high,high,11,,,,
6dd7a43c-c531-4ab7-a2d1-ee76740c8358,retractor.ninja,available,,,high,high,9,,,,
10dfe9bd-6700-4b65-8cc0-f21f80a739ff,overviews.ninja,available,,,high,low,9,,,,
70b52a01-4432-4867-9536-b097bd926611,accompany.ninja,available,11.98,42.98,high,low,9,namecheap,,,24/09/2026 16:41
56ad4747-ed46-44cb-a0fe-1794cb06c5f3,lexically.ninja,available,11.98,42.98,high,low,9,namecheap,,,15/09/2026 11:16
671429c0-5b1b-417e-b5d5-5be7d5105c6b,sopping.ninja,available,11.98,42.98,medium,low,7,namecheap,,,14/09/2026 14:30
351157b5-1108-40f3-a547-2786c7496656,resinous.ninja,available,11.98,42.98,high,low,8,namecheap,,,09/09/2026 15:13
5da57428-fb77-43e0-8c2f-59a33d0188e8,zine.ninja,available,,,high,high,4,,,,
620aa81f-458c-4b91-a88a-9f29456e3c3e,unresisting.ninja,available,,,high,low,11,,,,
66f72c66-81b1-4e65-a006-4febe96c10e1,wulfila.ninja,available,11.98,42.98,medium,low,7,namecheap,,,23/09/2026 21:57
06e53a57-0d75-4111-b358-b90a17617f1e,soluble.ninja,available,11.98,42.98,high,low,7,namecheap,,,10/09/2026 13:45
6d244ca1-6eef-430e-bac4-c46874dfd35a,jolted.ninja,available,9.99,39.99,medium,low,6,name.com,,,22/08/2026 13:55
89349e41-3ea5-45d1-9d1a-58189defec24,bylaw.ninja,available,,,high,high,5,,,,
bf3226b7-a219-4f8c-a6a4-f2c4c4417949,kielce.ninja,available,,,high,high,6,,,,
483aff77-7344-499c-be4e-51ef09b7e3fe,thematic.ninja,available,11.98,42.98,high,low,8,namecheap,,,11/09/2026 12:43
0ee98727-1532-4745-9fc4-2569f2fb5675,tend.ninja,available,9.99,,high,low,4,name.com,,,
39d6709a-e7be-4192-8836-969bcb21b189,joyless.ninja,available,9.99,39.99,medium,low,7,name.com,,,22/08/2026 14:04
b3008d1d-f0a0-49c8-acc5-240aca64d1fe,form.ninja,resell,,,high,medium,4,"Sav.com, LLC - 12",13/11/2025 15:16,13/11/2026 15:16,26/09/2026 06:12
5c68b249-fe8c-475a-b06d-11d6dfe7071a,tallywoman.ninja,available,,,high,high,10,,,,
dad4d1f6-23e2-4f21-b718-68def263e7ec,aten.ninja,available,11.98,42.98,high,low,4,namecheap,,,20/09/2026 20:04
b8c132de-4216-4957-abb8-306608433a87,revue.ninja,available,11.98,42.98,high,high,5,namecheap,,,27/09/2026 05:20
1dd73338-5b55-4e08-b7c9-1387eb42eca1,usascii.ninja,available,,,high,high,8,,,,
6deacb63-f787-4bc8-a817-184473a40dbb,lightskin.ninja,available,,,high,medium,9,,,,
390760db-37ae-46f0-81c1-a702e1bdaebb,sexify.ninja,available,,,high,high,6,,,,
75f470ba-30c6-4fb9-912c-89843ea5fe65,dizzily.ninja,available,11.98,42.98,medium,low,7,namecheap,,,14/09/2026 13:29
3930ccd4-9268-4e52-a0b0-2a1bbff71779,worshiping.ninja,available,,,high,high,10,,,,
bbbfa2c7-936b-4140-a36b-88f0394cc0d0,balaena.ninja,available,11.98,42.98,high,low,7,namecheap,,,21/09/2026 20:30
41fc1c18-b699-4992-a9bc-d10ba0c58c54,toughy.ninja,available,,,high,high,6,,,,
63dd02b4-a7b0-49db-be09-abb3a6fdcfd6,directorate.ninja,available,,,high,high,11,,,,
5191931e-cba8-4581-a173-df7b2c1e78af,schoolkid.ninja,available,,,high,high,9,,,,
5d6d68c2-24fa-425c-a649-5abe6b1cc512,mercury.ninja,available,,,high,medium,7,,,,
26e5cf6a-499b-49b4-b37c-b0fb0c945e40,porcini.ninja,available,,,high,low,7,,,,
3c4e1d3d-afde-40fb-b922-a6c379bac98b,blanch.ninja,available,11.98,42.98,high,low,6,namecheap,,,04/09/2026 23:27
813a3370-78b2-468b-bfd4-9c76a69b6189,vibrationless.ninja,available,,,high,high,13,,,,
81fdb8c2-21a8-46af-a6e0-e5f52d9e058a,proprietor.ninja,available,,,high,high,10,,,,
f591a299-d751-4687-94fc-da61ae7f3f90,fonda.ninja,available,,,high,high,5,,,,
40f25813-4b7f-48fb-ad4c-eba3649c9945,multitudes.ninja,available,,,high,medium,10,,,,
79243a1d-b9cb-4635-ae91-50b39feab2e8,upcountry.ninja,available,9.99,39.99,high,low,9,name.com,,,24/08/2026 22:37
579f59ce-2a0a-4f2f-b8cf-d58d66335615,looking.ninja,available,11.98,42.98,high,low,7,namecheap,,,25/09/2026 14:19
e68466c6-f8e9-4b58-9cb3-a21b5073c042,butternuts.ninja,available,,,high,low,10,,,,
6c2e6ac5-9949-4d48-9ac5-6e888c6ab70d,absurdity.ninja,available,15.99,30.99,high,low,9,namesilo,,,16/09/2026 18:39
0af6a97b-91c3-40ae-8bc7-ad3360ff33ba,xenomedicine.ninja,available,,,high,high,12,,,,
2b87ddec-6203-40be-b948-bee92cd203a1,laughter.ninja,available,9.99,,high,low,8,name.com,,,
c871874d-6a04-41b8-aa6a-39c746ae80da,interests.ninja,available,9.99,39.99,high,low,9,name.com,,,25/09/2026 16:44
e39c69d8-2226-4b7b-b5b3-b9748f1c2334,drilling.ninja,available,9.99,39.99,high,low,8,name.com,,,10/08/2026 20:06
059f2c93-c231-449e-a347-3cb002d3c90d,vroom.ninja,available,,,high,high,5,,,,
0285a757-35af-4eb3-81e4-2b55547d665f,sem.ninja,available,,,high,high,3,,,,
766bddf0-57cc-45e8-b648-7be1b6502260,tangerines.ninja,available,,,high,low,10,,,,
8e812eec-4ddd-451b-8d36-3f0fb827c7e7,saleable.ninja,available,,,high,medium,8,,,,
14cb5e0a-ca7b-45c8-8495-9f7f404a1494,carolling.ninja,available,,,high,high,9,,,,
a76cd7c9-fc32-4866-a972-4ad3baa28555,brute.ninja,available,9.99,39.99,high,low,5,name.com,,,
3afd009b-b17b-447d-8a8d-e2fa70bc2a92,frilly.ninja,available,9.99,39.99,high,low,6,name.com,,,18/08/2026 15:51
798ed923-dadc-4b47-acd7-bb1373b66dc5,shiner.ninja,available,15.99,30.99,high,low,6,namesilo,,,24/09/2026 00:40
0ca0a62a-a654-44ce-a154-348b092f41c6,rickety.ninja,available,9.99,39.99,medium,low,7,name.com,,,13/08/2026 20:34
bee9a2a2-ac03-46e7-95d8-7565e8dc9c1e,gamin.ninja,available,11.98,42.98,high,low,5,namecheap,,,11/09/2026 14:56
060c4ea2-43d1-438c-ad6d-2269e95eeccc,quintets.ninja,available,,,high,low,8,,,,
f3bbce5b-870b-45a9-be43-18dcd2b06d0d,invitations.ninja,available,,,high,low,11,,,,
66beb6ef-621e-4358-9a63-a2bf123c12ad,colorfast.ninja,available,9.99,39.99,high,low,9,name.com,,,12/08/2026 17:50
fd289b5e-6afa-4f7b-bbee-43478de61d55,plodded.ninja,available,,,medium,low,7,,,,
1a7fd892-f54b-478a-a715-fe6727311514,tomboys.ninja,available,15.99,30.99,medium,low,7,namesilo,,,20/09/2026 23:15
6af6367a-0d9e-454c-924b-f76fe0ecfa2b,lifeship.ninja,available,,,high,high,8,,,,
926c2c01-e659-4012-814e-056c73022bd1,mizzenmast.ninja,available,,,high,high,10,,,,
17ead45f-4603-4165-9bba-9bc60102c97e,inspectors.ninja,available,,,high,low,10,,,,
0cee6008-b098-4794-aa75-5e96ae211aa4,middleton.ninja,available,15.99,30.99,high,low,9,namesilo,,,25/09/2026 09:23
652bc888-fb00-404c-b23a-ce0b1e567e80,greatgrandma.ninja,available,,,high,high,13,,,,
ed034a3c-2848-44c7-8e9c-35c851cecd8c,nancy.ninja,premium,118.8,118.8,high,low,5,namesilo,,,25/09/2026 09:33
7d1b754b-ad2d-4330-a728-b6ba785bc26a,greyed.ninja,available,9.99,39.99,high,low,6,name.com,,,20/08/2026 20:04
4a295f15-017e-41eb-96ff-b4185dc94513,amerinds.ninja,available,,,medium,low,8,,,,
4df1a46b-dc36-449d-97a0-c0afe950f866,grande.ninja,available,,,high,high,6,,,,
f0b2040c-1e62-4355-943b-02c1a2ecad74,categoric.ninja,available,9.99,39.99,high,low,9,name.com,,,11/08/2026 21:29
0636371d-2886-4f3e-948c-399905ce7786,swells.ninja,available,,,high,medium,6,,,,
4fd474d6-f933-4912-a0cc-d41917f365c1,palatine.ninja,available,11.98,42.98,high,low,8,namecheap,,,04/09/2026 23:20
60d95782-8c58-4bcd-af30-2d3437e5ef5a,autotype.ninja,available,15.99,30.99,high,low,8,namesilo,,,21/09/2026 08:17
27e27803-3f27-4a4b-b781-499ad7c5a159,ductility.ninja,available,,,high,medium,9,,,,
a99ea412-d9bb-4941-85f6-bf64d236dbd2,aquafarm.ninja,available,,,high,high,8,,,,
95b93a50-4710-4d16-bc6e-fed801b2b4f5,candour.ninja,available,15.99,30.99,high,low,7,namesilo,,,24/09/2026 12:03
d19c2e11-73b1-4beb-9159-84b2f90019ec,puddle.ninja,available,11.98,42.98,high,low,6,namecheap,,,13/09/2026 09:43
fbb5c67e-4c61-49d5-b8a8-896e8a0405a8,undisputed.ninja,available,11.98,42.98,high,low,10,namecheap,,,12/09/2026 05:02
ceba25ed-bad0-4fb1-8cf7-7e68b65dcda4,scalene.ninja,available,11.98,42.98,high,low,7,namecheap,,,09/09/2026 22:25
e1d82c9d-c52c-4fe0-abe5-c07f87ec9116,larceny.ninja,available,11.98,42.98,high,low,7,namecheap,,,11/09/2026 13:18
d97be6cb-01f8-47f5-b3fe-55054bca45b6,nebulas.ninja,available,,,high,medium,7,,,,
ed55d3b9-d36d-48e6-9124-2d12021fbe4e,fannie.ninja,available,,,high,high,6,,,,
23639de1-3fd9-44b7-81ae-721ae063377c,nonpareille.ninja,available,,,high,high,11,,,,
2a1c82a8-2a0c-4432-affe-c5749f86d5f9,optometrists.ninja,available,,,high,low,12,,,,
2afdcc41-7bd8-446b-b26b-8039b23e8033,lobar.ninja,available,9.99,39.99,medium,low,5,name.com,,,24/08/2026 08:33
026be713-7f9e-4634-9cbd-09aaccfb0bed,stagy.ninja,available,11.98,42.98,medium,low,5,namecheap,,,10/09/2026 18:04
a9e31490-1be1-4086-9955-d1f9392f1c55,valencia.ninja,premium,118.8,118.8,high,high,8,namesilo,,,27/09/2026 05:14
f8656a03-2901-479b-aba3-534b9e69d996,spatially.ninja,available,11.98,42.98,high,low,9,namecheap,,,16/09/2026 05:56
ed6b53cd-9387-4224-982c-ec8d09ecd803,cassius.ninja,available,,,high,high,7,,,,
65252c93-80b3-4fd2-9af8-8f4e412d07a9,preinterview.ninja,available,,,high,low,13,,,,
ee2fff36-e9ea-4813-8b6c-8759f294ae23,selftitled.ninja,available,,,high,low,11,,,,
fe817ed7-5e10-4aad-9684-61d36bcb7ca1,underarm.ninja,available,11.98,42.98,high,low,8,namecheap,,,12/09/2026 07:21
0a7fc448-085c-4a7f-87b7-f6ee5aea2c97,degrading.ninja,available,9.99,39.99,high,low,9,name.com,,,13/08/2026 20:10
9b4df65f-3156-4d36-9ab8-2a4e919692e6,bonbon.ninja,available,,,high,high,6,,,,
15086515-ea37-42ec-a66d-9cfe352b731a,westmoreland.ninja,available,,,high,high,12,,,,
c68aa80f-8ab4-4d77-8ed1-f6c10c7cd106,planter.ninja,available,,,high,high,7,,,,
aba34499-87ff-425f-aa9b-bb0caccf1c78,tutankhamen.ninja,available,,,high,high,11,,,,
22864759-38e1-4177-969c-c47c6d46d73a,bleb.ninja,available,15.99,30.99,high,low,4,namesilo,,,24/09/2026 05:21
a7a7ecbc-5188-4616-9140-9e4fde763249,waterproof.ninja,available,,,high,medium,10,,,,
65da3584-cf08-45ba-9962-d21a84ced354,democratisers.ninja,available,,,low,low,13,,,,
83b632c9-cc13-4f92-9882-6b218b12e777,rapacity.ninja,available,15.99,30.99,medium,low,8,namesilo,,,21/09/2026 08:45
1af8d451-3a0b-4cac-bb6a-324234627ce9,foxford.ninja,available,,,high,high,7,,,,
0fd8ddbd-6538-497a-b882-6f98fb628c49,treason.ninja,available,15.99,30.99,high,low,7,namesilo,,,23/09/2026 11:25
cb273392-72d0-41bd-8de0-813ea7983274,elect.ninja,available,9.99,39.99,high,low,5,name.com,,,16/08/2026 02:30
feb2d323-69d9-431f-b36a-055de3233731,sheepskin.ninja,available,,,high,high,9,,,,
70f45b25-2167-4765-9ea6-c5ae5e2b7d8e,targeted.ninja,available,,,high,high,8,,,,
84051b9b-ed63-46ca-ad4c-c17c86e0e90b,honorary.ninja,available,9.99,39.99,high,low,8,name.com,,,21/08/2026 13:29
c0be80c9-2975-4f26-aef3-a80381540f5a,highfalutin.ninja,available,,,high,high,11,,,,
f03238d0-02ec-4f9e-8f5a-b4ca9ffce966,infrequent.ninja,available,9.99,39.99,high,low,10,name.com,,,22/08/2026 04:50
82144869-26c9-45aa-a523-b3734b2f39d1,creaming.ninja,available,,,high,low,8,,,,
e721fc52-4a15-45e9-a6e3-8dde00414b3d,frictional.ninja,available,9.99,39.99,high,low,10,name.com,,,18/08/2026 15:28
feac1335-7292-4b94-b71d-f2554cab6039,antinode.ninja,available,15.99,30.99,high,low,8,namesilo,,,19/09/2026 14:48
f3579096-ea8b-43da-a57a-e699c8f045a5,nagari.ninja,available,,,high,high,6,,,,
f4ea8322-d97d-40e6-a862-a9252c621b6a,energise.ninja,available,,,high,high,8,,,,
574f1215-06f2-4af7-b37e-5624426ea2c8,cosmogenic.ninja,available,9.99,39.99,high,low,10,name.com,,,13/08/2026 03:00
5c819edb-450a-43d5-b4ff-92664df482bf,whitetip.ninja,available,,,high,high,9,,,,
e4d73037-b25f-4bdc-9ef6-41f49e051f3c,beavercreek.ninja,available,,,high,high,11,,,,
21b54696-d6dd-42e5-9c66-4b73337494d9,chamberlain.ninja,available,,,high,high,11,,,,
c8bc8fe9-ffc9-4bc2-bd30-2c30b1fbfd46,unplanned.ninja,available,11.98,42.98,high,low,9,namecheap,,,12/09/2026 16:51
5c6f0b59-d752-4c12-babc-3addd85898f7,obelisks.ninja,available,,,high,low,8,,,,
00681a7e-5b78-4c07-9937-1516d7868136,graneros.ninja,available,,,high,high,8,,,,
3ca83185-0e6b-4b67-aabc-fc7f55c90392,inextricably.ninja,available,,,high,high,12,,,,
83daaa96-e1c5-4930-aebd-5a9bba95a9e5,shelled.ninja,available,,,high,medium,7,,,,
af895c27-75bd-40c7-9985-009761387736,turbinate.ninja,available,9.99,39.99,high,low,9,name.com,,,12/08/2026 16:20
97aaa21c-5d7d-4705-8444-afd8046840c4,godown.ninja,available,9.99,,high,low,7,name.com,,,
04a62cad-1956-4f30-b53d-554664ab2094,vizier.ninja,available,,,high,high,6,,,,
f68721b2-834d-4b7f-bd75-f9adfdb77bba,whitson.ninja,available,,,high,high,7,,,,
84c025e8-ec74-4786-bf4e-f8a492115e4e,echoless.ninja,available,9.99,39.99,high,low,8,name.com,,,14/08/2026 23:38
a3835164-f91b-420b-bd84-cd061bf09ad8,filipina.ninja,available,15.99,30.99,high,high,8,namesilo,,,27/09/2026 06:03
8dc712ec-99e7-49a5-9348-95bf5eb05626,streichmelodion.ninja,available,,,high,high,15,,,,
aed4a421-04d0-4674-97fc-220fe5932840,monoplane.ninja,available,,,high,high,9,,,,
0cca516f-0086-41db-bd5d-7047ebbe1763,diagrammatically.ninja,available,,,medium,low,16,,,,
9248490f-e979-4823-b23d-d3d9eb55a182,blackish.ninja,available,9.99,39.99,high,low,8,name.com,,,10/08/2026 12:03
bf396e97-a14c-4ace-9b75-d581de388a38,gleams.ninja,available,,,high,low,6,,,,
c88b2de5-b67e-41c6-8d9f-4f41fdaa08af,jutland.ninja,available,15.99,30.99,high,low,7,namesilo,,,22/09/2026 15:18
fffc7ce5-c671-4373-bda0-96739874e00a,oncoming.ninja,available,11.98,42.98,high,low,8,namecheap,,,04/09/2026 14:27
d7098076-1ba2-45c1-a1de-688d9e437be1,natatorium.ninja,available,,,high,high,10,,,,
b64db457-475a-41ef-923b-a5ef01941cbe,absence.ninja,available,9.99,,high,low,7,name.com,,,
11b6d95a-621e-4d4f-b2d9-7142c5a1ab67,punishing.ninja,available,9.99,39.99,high,low,9,name.com,,,06/08/2026 17:10
04e3b30a-0b17-4392-9f8a-85206b0c5b5a,muddle.ninja,available,,,high,high,6,,,,
579e7740-ae6c-4a5d-bc74-0c2939e90443,missouri.ninja,available,,,high,high,8,,,,
c13b6a60-3305-44e5-b42c-667cf600f5e4,barrelhead.ninja,available,,,high,high,10,,,,
69ccc4ea-d473-4eae-8a8f-9b5bdf65c517,carbonization.ninja,available,,,high,high,13,,,,
71e67c16-72cc-4d8a-b96b-ed9e23bd0e44,pompom.ninja,available,9.99,39.99,high,low,7,name.com,,,
b28e0682-40ba-48ce-a625-247610446deb,meditative.ninja,available,9.99,39.99,high,low,10,name.com,,,11/08/2026 05:56
e4ecdb05-39fd-41c8-9179-09591818dd80,distinctions.ninja,available,11.98,42.98,high,low,12,namecheap,,,20/09/2026 03:54
1e02e5c3-8caa-494d-a3c7-e58e9dfb95b2,concentrates.ninja,available,,,high,low,12,,,,
524eb06b-23b2-46d5-b56a-e6c7916b4fea,amaranthus.ninja,available,15.99,30.99,high,low,10,namesilo,,,18/09/2026 15:51
291befca-3b03-4184-b5ff-bc78c0b840e3,terrifying.ninja,available,9.99,,high,low,10,name.com,,,
7b353978-d619-429d-a095-e6ebd02b6188,astounding.ninja,available,15.99,30.99,high,low,10,namesilo,,,22/09/2026 10:29
725a7361-82b9-49aa-9957-e954d9481117,borrowing.ninja,available,,,high,high,9,,,,
3e202f1e-7736-4ac1-aa50-850d4dbab518,completing.ninja,available,15.99,30.99,high,low,10,namesilo,,,23/09/2026 17:20
a5657bd0-79e0-4ed3-b77d-67748b636962,illuminati.ninja,available,,,high,high,10,,,,
00de119d-af35-43a2-8e25-795a745ac06d,knocking.ninja,available,15.99,30.99,high,low,8,namesilo,,,25/09/2026 08:51
1128c9b6-916f-479d-83e7-6912576a2a85,usc.ninja,available,15.99,30.99,high,low,3,namesilo,,,25/09/2026 14:13
0fde7881-87c1-4275-92a8-63c7f6d590be,milfoil.ninja,available,15.99,30.99,high,low,7,namesilo,,,17/09/2026 00:37
d94d8c91-45d4-4487-8d93-bf83e227cb2c,throughcare.ninja,available,,,high,high,11,,,,
23acd6fc-cdc0-4147-97ac-576a0869668b,karachi.ninja,available,,,high,high,7,,,,
424e99f8-db4b-4865-93cd-c3d21b04f402,shakira.ninja,available,9.99,,high,low,7,name.com,,,
686b396d-baea-419f-9a6d-b6ea0d8cab8a,councillors.ninja,available,,,high,low,11,,,,
f4e5fd91-50cb-47fb-9891-e8d503212d66,hardbound.ninja,available,9.99,39.99,high,high,10,name.com,,,21/08/2026 00:42
db1114fd-9cdc-4fe6-8ec6-4c8feafc1c5f,hardest.ninja,available,,,high,low,7,,,,
1511bced-65e2-429c-a064-dc70408e9f54,melville.ninja,available,15.99,30.99,high,low,8,namesilo,,,25/09/2026 07:18
f0794a3e-cf6b-4ae6-ab38-fae0cfb81f77,huh.ninja,available,,,high,high,3,,,,
0994cee5-d71c-4a2b-b209-ae908d6cb7ef,testimonies.ninja,available,,,high,medium,11,,,,
e4deba86-9ece-4078-96fd-13bc7400713b,signatures.ninja,available,,,high,low,10,,,,
bdcca445-bef7-4bcb-b0e1-0d17754e10e7,descriptively.ninja,available,,,high,high,13,,,,
508f2b8f-1b3a-43e0-872f-8e2cf0dcd2c2,behaviouralist.ninja,available,,,high,high,14,,,,
80dbe266-1f4a-4b5e-b9ab-4887278f7081,latticed.ninja,available,9.99,39.99,high,low,8,name.com,,,22/08/2026 08:06
eb0e3baf-01df-4935-b223-23315284a697,hajji.ninja,available,,,high,high,5,,,,
fc1588d9-5d1a-4450-906a-2a8f28c9c7a0,consummating.ninja,available,,,medium,low,12,,,,
5ca7c595-1ae0-4a4c-a7fb-fd50a83ee99e,locators.ninja,available,,,high,low,8,,,,
0424fed3-168a-438c-bc9f-60c8e4c8ae43,junctions.ninja,available,15.99,30.99,high,low,9,namesilo,,,27/09/2026 03:20
4c005b14-21e4-4ac3-bc40-24e0c679ef9e,acidizable.ninja,available,,,medium,low,10,,,,
9108d481-4b22-4e67-94b8-dd99b9a8e849,lettic.ninja,available,,,high,low,6,,,,
03c45ece-2a45-4faa-a04b-d5eca432c31a,collide.ninja,available,11.98,42.98,high,low,7,namecheap,,,24/09/2026 15:18
fff9d794-6a2a-4283-8e9c-51e804f69cae,kerchiefs.ninja,available,,,medium,low,9,,,,
d4a5326a-c884-438c-befe-fc3685576147,manufact.ninja,available,,,high,medium,8,,,,
49e3312c-64fc-429e-b717-7992e7fea6b4,wheeltapping.ninja,available,,,high,high,12,,,,
90833a02-07a3-4352-8d2b-64b52802eea0,freestanding.ninja,available,,,high,medium,13,,,,
16ca9502-ce3b-4afb-a9ce-2d50e02729b7,gamepad.ninja,available,,,high,high,7,,,,
aaa28139-1685-4df3-a372-eb2e4f83cd48,herbst.ninja,available,,,high,high,6,,,,
df04522b-fdf9-4e84-a8e0-86765b5580da,passcode.ninja,available,9.99,,high,low,8,name.com,,,
f86582ec-623b-4714-9db6-3a6ebdade897,provost.ninja,available,,,high,high,7,,,,
8cb0ea70-5599-423f-b91d-5fdc4927cc88,menstruate.ninja,available,,,high,high,10,,,,
1d1bf298-8c52-4df3-a997-b88e6b52dc2e,dressmaking.ninja,available,,,high,low,11,,,,
b3a0441d-82f5-4c0d-b9f8-fd2e6f30c1e0,endermatic.ninja,available,9.99,39.99,medium,low,10,name.com,,,17/08/2026 00:58
3f174326-7bdf-4f42-8ebb-ee19928e2eea,mnemonics.ninja,available,,,high,high,9,,,,
f9498e7d-6a04-4a52-acef-0e5402890609,sutures.ninja,available,,,high,low,7,,,,
98f05c64-47a8-42cc-9325-fb0afea7b6fa,liquorice.ninja,available,,,high,high,9,,,,
119fa7fd-a30c-4b7d-82e5-7f78084fd11c,aliyha.ninja,available,,,high,high,6,,,,
a26f6c86-4fb4-41e2-a7da-ed9428e64272,susceptibility.ninja,available,,,high,high,14,,,,
b9ace91b-7911-4566-b05f-95ce0118d72d,dewberry.ninja,available,,,high,high,8,,,,
929e3c32-e170-4881-95f9-ede475ea7b6c,approachability.ninja,available,,,high,high,15,,,,
1cb9723d-39bf-41a2-a4d1-52e345771df7,copythorne.ninja,available,,,high,high,10,,,,
5cba7645-4b19-4875-90a3-82d66f5519ac,wedlock.ninja,available,,,high,high,7,,,,
9abf0672-bc97-4c0b-93b6-a6a3d896a71f,mandate.ninja,available,15.99,30.99,high,low,7,namesilo,,,21/09/2026 05:12
210eec60-1e3e-4e77-a09f-23d5e96e7c45,downswing.ninja,available,,,high,high,9,,,,
d9e62624-1697-47fb-a5a2-f417dad67bc3,punggol.ninja,available,,,high,high,7,,,,
805b48b1-44d7-4daf-9a16-6262623a154f,lefthander.ninja,available,,,high,high,10,,,,
bf313407-bb12-46da-9a55-18c0005f6c12,divined.ninja,available,,,high,high,7,,,,
e8eb48f9-bf30-4104-b062-fced804325e6,prokofiev.ninja,available,,,high,high,9,,,,
b544e1a8-23db-4339-9da9-af069d6a2cf1,nikolai.ninja,available,,,high,high,7,,,,
d8a70dff-12d1-4431-9748-c4f2772bfc57,cowardly.ninja,available,9.99,39.99,high,low,8,name.com,,,13/08/2026 04:07
8705d470-1c46-4be2-9e4e-c26629d2caf9,penlite.ninja,available,,,high,high,7,,,,
26a1f1ec-561b-494e-8392-b26780e0b1f3,emcee.ninja,available,,,high,high,5,,,,
42edc0f8-34b8-40ea-b0cc-82c94c6d7cd0,forbearing.ninja,available,9.99,39.99,high,low,10,name.com,,,18/08/2026 10:57
c15983e4-dfcb-4d21-a09f-84781c4f0d93,cliquish.ninja,available,9.99,39.99,high,low,8,name.com,,,12/08/2026 11:17
44fec9c0-d232-42cd-bf86-2e00d1868c26,oompah.ninja,available,,,high,high,6,,,,
1e16c9b3-c13a-497c-a3cd-2498eed9b2e7,fitfully.ninja,available,11.98,42.98,medium,low,8,namecheap,,,14/09/2026 18:43
d3a6a95c-b58b-4e5d-b160-95b33e244841,represented.ninja,available,9.99,,high,low,11,name.com,,,
655b38ea-1c61-463f-a64e-dbf879c91e5f,greets.ninja,available,,,high,medium,6,,,,
08911476-4c69-449f-9f2f-9a3b1d250e2d,autographing.ninja,available,,,high,high,12,,,,
d0c86dfb-230c-4761-ab01-67d8554d4eca,refrained.ninja,available,,,medium,low,9,,,,
88dd6c76-f52e-484a-9f2f-23fc506910ca,amyjohn.ninja,available,,,high,high,8,,,,
3a3c0eb7-3a63-4f79-8e8e-1799bff296de,mandrel.ninja,available,,,high,high,7,,,,
2c3759a0-fb17-43bf-ac1d-0708a8cb0f00,braver.ninja,available,15.99,30.99,high,high,6,namesilo,,,27/09/2026 04:58
95b2e414-3602-466a-84cd-4da06ff53711,legend.ninja,available,9.99,,high,low,6,name.com,,,
d0f196f6-9517-44a1-89b7-7eb2fd18d848,burpee.ninja,available,,,high,high,6,,,,
bdee6ece-6172-4ec1-99c3-6c0e9a70730c,calibrated.ninja,available,9.99,39.99,high,low,10,name.com,,,11/08/2026 14:16
d32a0307-5256-4863-91d7-bd8db253fadd,slurpy.ninja,available,,,high,medium,6,,,,
c50630d4-1552-405e-a0fe-85f3b91d0713,tapes.ninja,available,11.98,42.98,high,low,5,namecheap,,,25/09/2026 21:42
4d4f6f28-bfe6-4e0e-80b2-b0da6b37f6e4,dynamism.ninja,available,15.99,30.99,high,high,8,namesilo,,,27/09/2026 05:52
2341e5be-33c0-4c29-b736-6cc3175015c3,ambulance.ninja,available,15.99,30.99,high,low,9,namesilo,,,18/09/2026 17:28
3f9c7c3e-bdc6-44e2-9871-f0e29f0be75e,fastening.ninja,available,,,high,high,9,,,,
5c466d71-1a22-472d-a005-a573a3f60106,monthly.ninja,available,9.99,39.99,high,low,7,name.com,,,25/09/2026 21:36
2966b880-53aa-4eba-95e6-5448cab4e0d6,gyroscopes.ninja,available,,,high,low,10,,,,
76cda3f0-eb70-4526-94a7-7a908a03002f,schoolbook.ninja,available,11.98,42.98,high,low,10,namecheap,,,19/09/2026 07:03
adb3a769-c8eb-4b87-a663-b62104d5c953,scuttles.ninja,available,,,medium,low,8,,,,
4f359cff-a35d-4e3b-bf54-3f3f9ef13d58,promenade.ninja,available,15.99,30.99,high,low,9,namesilo,,,18/09/2026 16:56
9094e63f-2e49-4433-b286-5de8d4ef2f77,xerophytism.ninja,available,,,high,low,11,,,,
4357bb16-875f-46d1-a51f-6894be69c6ff,mantelpiece.ninja,available,,,high,high,11,,,,
4822bb82-c849-4ca6-8022-74d0678f485b,satisfies.ninja,available,15.99,30.99,high,low,9,namesilo,,,20/09/2026 14:54
eae3696b-c146-4ffa-89d5-bcab67de8849,sunbathed.ninja,available,,,high,low,9,,,,
d187cc3c-9281-4fc8-8f53-760bad51e372,smithereen.ninja,available,,,high,high,10,,,,
c16e57a4-c9b5-44c3-9cf8-b67976472af7,punctured.ninja,available,11.98,42.98,high,low,9,namecheap,,,08/09/2026 16:56
231718ab-9239-4fa3-8ebc-6592e50ff6b7,abscissa.ninja,available,15.99,30.99,high,low,8,namesilo,,,16/09/2026 17:32
27816370-7271-4cfd-b029-31acc6bf759e,unsynced.ninja,available,,,high,high,8,,,,
67539928-0f80-434c-8d5f-b1c0f36b78df,imperious.ninja,available,9.99,39.99,medium,low,9,name.com,,,21/08/2026 01:26
a6fdc92f-637a-4694-b150-e334e2de04a7,bloxwich.ninja,available,,,high,high,8,,,,
4ca850c9-69ca-40a6-b21c-8e9fa937b628,wordfinding.ninja,available,,,high,high,11,,,,
cf7933a4-a89c-412d-b8ad-0f7c2aecea03,interviewer.ninja,available,,,high,high,11,,,,
8054b179-b7de-42fa-922b-a0b77ed4ff39,tottering.ninja,available,11.98,42.98,high,low,9,namecheap,,,11/09/2026 18:14
c4486c01-7783-48b5-9f67-41aac36c24b6,chocs.ninja,available,,,high,low,5,,,,
9e85b1d6-e738-4904-b54e-9bac94c6db8f,atwell.ninja,available,,,high,high,6,,,,
b425a1b2-5791-46f9-89cf-3028dfa7c290,whelk.ninja,available,,,high,high,5,,,,
a00248e1-e1a3-4c48-927b-97a26b2ff536,weighting.ninja,available,,,high,high,9,,,,
c93b79bc-3991-46c9-8768-ed34fdd059a3,minim.ninja,available,,,high,high,5,,,,
00030653-9c8c-4880-a028-6246b4a0da76,nonfinancial.ninja,available,,,high,low,12,,,,
a3e386af-9fa8-4b59-92cd-d93c50fac560,acceleratingly.ninja,available,,,high,high,14,,,,
f73e60ad-adda-4012-9a67-9d81e487edf5,transition.ninja,available,15.99,30.99,high,high,10,namesilo,,,27/09/2026 06:26
cfaef42e-bd9b-4e84-bd48-f76b5c3414a1,weil.ninja,available,11.98,42.98,high,low,4,namecheap,,,19/09/2026 04:20
5246197a-1678-4c3c-b68c-241dc1a822a5,elizabethtown.ninja,available,,,high,high,13,,,,
4204cccc-f7ba-4a52-93d5-cf52d2bae977,ouroboric.ninja,available,,,high,high,9,,,,
05c8b0d9-f150-496c-af4d-601c56c84f7c,nescafe.ninja,available,,,high,high,7,,,,
379cc9a4-980a-4234-a7ed-f82b1c4315c9,midslopes.ninja,available,,,medium,low,9,,,,
ef809414-73c4-4e65-80f4-be0e779cc442,cinderella.ninja,available,9.99,,high,low,10,name.com,,,
db0ab5cc-c0b1-49a1-9ee4-bc069bf80de9,grandview.ninja,available,,,high,high,9,,,,
aa13c4d1-cd6c-4761-9ae4-965f55b83a2b,taleteller.ninja,available,11.98,42.98,high,low,10,namecheap,,,11/09/2026 10:32
cf7b13a6-4bbe-46bd-bc5e-efd673dba536,blacklight.ninja,available,,,high,medium,11,,,,
40bb9c9c-4fa0-4d0f-a408-f73dac4ca9e5,musclegirl.ninja,available,,,high,high,11,,,,
d318269f-bedb-4afd-864b-f472b191f15e,bragging.ninja,available,9.99,39.99,high,low,8,name.com,,,11/08/2026 00:54
3d991057-e5fa-4a15-8b80-bea7edf9292f,ateac.ninja,available,,,high,high,5,,,,
960926ed-b02d-4fb7-84d4-1e6ef5ca3c5a,linkers.ninja,available,,,high,medium,7,,,,
09c9412f-61b9-4314-95d5-993105171aa9,shiftwork.ninja,available,,,high,high,9,,,,
39f1f423-5d86-495e-ad3a-f8bcd9b6397e,parakeet.ninja,available,,,high,high,8,,,,
1a5bf336-05e3-4b03-8285-b9999c73f161,kingswinford.ninja,available,,,high,high,12,,,,
f7efaee7-fd5f-491b-a332-e49b9154c09f,snores.ninja,available,,,medium,low,6,,,,
889f7f3c-2e04-4d33-91c2-ff94a1af99ea,weser.ninja,available,,,high,high,5,,,,
84861fca-44ce-4db3-a76b-ad55f5dd018a,indifferentism.ninja,available,,,high,low,14,,,,
549cc53b-e781-493a-b0dc-fe722ff1c723,blackeyes.ninja,available,,,medium,low,10,,,,
6a2ac9c2-18f8-4ca6-9619-1e06c3d2d2de,unisex.ninja,available,11.98,42.98,high,low,6,namecheap,,,12/09/2026 13:52
a9f31c53-d067-4192-a495-8b340720cacf,archery.ninja,premium,128.7,128.7,high,low,7,namecheap,,,20/09/2026 02:00
bec9118e-15be-4e73-85b6-64f83f37e9a7,ilk.ninja,available,,,high,high,3,,,,
8f87dc22-b321-4107-b1cb-ca9112f4b039,grander.ninja,available,,,high,medium,7,,,,
30078259-35d1-4c97-9d70-664e3a2630e1,manuscript.ninja,available,,,high,high,10,,,,
05af5789-d135-4a7e-af27-94208de22213,catchful.ninja,available,,,high,high,8,,,,
4fb6b02a-6d09-43b3-9c69-274f2a00c86c,solid.ninja,resell,,,high,low,5,Dynadot Inc,05/06/2026 17:00,05/06/2027 17:00,26/09/2026 09:08
161e2d8d-a38c-40b9-ba1b-5fa0e899a564,crownpiece.ninja,available,,,high,high,11,,,,
f4c5d52d-7f19-4156-8898-695532d1c736,strategist.ninja,available,,,high,high,10,,,,
a905943c-0ff0-48dc-ae68-e19eeed24e56,softeningly.ninja,available,,,high,high,11,,,,
7146970c-0bbd-4bbe-b206-acbc07f07741,unclogged.ninja,available,11.98,42.98,high,low,9,namecheap,,,12/09/2026 05:28
b76c8f7d-1398-4b4d-93ec-b9162d7f7f38,exists.ninja,available,15.99,30.99,high,low,6,namesilo,,,27/09/2026 02:40
ef820850-ce29-4c88-9e0b-94807ec2ff22,formidable.ninja,available,9.99,39.99,high,low,10,name.com,,,18/08/2026 12:12
9acf1f54-5a6f-46d2-aec8-5896a0400f9a,firearms.ninja,available,,,high,high,8,,,,
0d2ea63a-22c2-4e65-a6b0-92ac4b8ce82c,doubleheader.ninja,available,,,high,high,12,,,,
039a41b7-fce3-4a02-82c3-f597c108c007,fawn.ninja,available,15.99,30.99,high,high,4,namesilo,,,27/09/2026 05:52
aa706426-26ca-4361-b0cd-6ec2a2c4a607,opts.ninja,available,15.99,30.99,medium,low,4,namesilo,,,18/09/2026 13:57
6f1562a9-a3cd-41e8-b1d3-b238e87e68fd,hospice.ninja,available,,,high,high,7,,,,
7f3b0756-fe6f-4cf0-8cab-53285e1d9eff,praline.ninja,available,,,high,high,7,,,,
8eb08fd5-1b05-412c-86f5-48f5bbab3148,filename.ninja,available,,,high,high,8,,,,
f84831bd-509d-4890-99bb-bb60a8aba8da,coyness.ninja,available,,,high,high,7,,,,
9be828f4-d8d6-427a-841d-aff1b9c01f47,initialing.ninja,available,,,high,high,10,,,,
e10a8ac5-f0fc-4562-8a53-ea6a5e43ae31,tourists.ninja,available,15.99,30.99,high,low,8,namesilo,,,18/09/2026 07:30
6ff2ef39-f42e-4514-a606-c5e9fc81ff2c,teacherships.ninja,available,,,high,low,12,,,,
b21e3f5b-3299-472c-8e6a-aea37367c650,bondi.ninja,available,,,high,high,5,,,,
2a368689-3c33-4936-bad9-d5666a37d1c3,perforated.ninja,available,11.98,42.98,high,low,10,namecheap,,,08/09/2026 16:52
4f072551-8218-44ee-9db8-8bc41987444f,handgrip.ninja,available,,,high,high,8,,,,
5b83e696-fa9c-40e6-8396-12b18cac6629,brandysnap.ninja,available,,,high,low,11,,,,
e6802dc8-1fa5-45c7-a7aa-40429e44fc04,accourages.ninja,available,,,medium,low,10,,,,
9da6d292-efcb-4556-a64e-13dd56c5efaa,rebekah.ninja,available,,,high,high,7,,,,
23029f0d-10f6-425d-b612-9bcbc1263e7d,adorn.ninja,available,15.99,30.99,high,high,5,namesilo,,,27/09/2026 05:43
40620f3b-3f82-4339-89e8-68bc7871f9da,unbeknownst.ninja,available,,,high,low,11,,,,
ab3c2ac4-8e10-4642-92ab-9b0e94f7550b,greenspace.ninja,available,,,high,high,11,,,,
7929b208-bb9a-431a-b724-4bd69047adc0,economywide.ninja,available,,,high,high,11,,,,
26a93dc2-7233-450e-b63e-7cfde5b9df5d,probative.ninja,available,11.98,42.98,high,low,9,namecheap,,,09/09/2026 02:27
da524253-58c1-418c-860a-77a3d9bffe91,officelike.ninja,available,,,high,high,10,,,,
37ef7605-00cb-482a-901f-d9dcd3241d78,abaca.ninja,available,9.99,39.99,high,low,5,name.com,,,16/09/2026 13:44
05882e18-2608-4316-ac9a-64fd5e664e4e,mortgagees.ninja,available,,,high,low,10,,,,
fcc88827-65f3-4613-9d35-5dc4d571577a,kohlrabi.ninja,available,,,high,high,8,,,,
0dd6d196-e622-4519-9bfa-8e9b546e05cb,martinique.ninja,available,,,high,high,10,,,,
7c568eef-384b-4e21-b992-6ee130868717,something.ninja,available,15.99,30.99,high,low,9,namesilo,,,25/09/2026 23:55
43351c86-bc35-420b-a0fd-6abe13e3aee5,enkindle.ninja,available,,,high,high,8,,,,
5e3d29ce-b4f0-4420-9c3a-46c96a68b0f0,uncreative.ninja,available,11.98,42.98,high,low,10,namecheap,,,12/09/2026 06:24
f196772d-a591-471e-8420-35b932274d14,beached.ninja,available,,,high,high,7,,,,
0e4bcbd9-9f86-4ebc-923e-27f4c64b7ff6,socialist.ninja,available,11.98,42.98,high,low,9,namecheap,,,10/09/2026 13:19
3a2e8629-4ad7-4e32-88c8-77cbed322d90,checking.ninja,available,11.98,42.98,high,low,8,namecheap,,,25/09/2026 12:11
23bcfe17-76c0-4ae4-bb7a-fb9d50b7ee07,gone.ninja,available,15.99,30.99,high,low,4,namesilo,,,22/09/2026 10:48
ddd5858e-5907-4010-a08c-80df845ac91e,dramamine.ninja,available,,,high,high,9,,,,
6a943e1c-4420-4338-a669-e9e6372960ff,pecuniary.ninja,available,9.99,39.99,high,low,9,name.com,,,25/08/2026 04:35
d4f6076d-ecb1-4887-90b5-e759599bff3a,harmonisations.ninja,available,,,medium,low,14,,,,
74a8c8e6-78b5-4c49-8424-452a2492551f,spirant.ninja,available,9.99,39.99,high,low,7,name.com,,,12/08/2026 23:20
f836ac84-a52d-41dc-9f63-3e4f863067fc,contribute.ninja,available,15.99,30.99,high,high,10,namesilo,,,27/09/2026 06:11
f6d117ea-5b8e-48f3-a273-1fac6c2de383,cxlv.ninja,available,,,high,low,4,,,,
7e8c5321-a8cb-4a33-acc3-41ed5f2a9753,unspecialized.ninja,available,,,high,high,13,,,,
8aa60dfc-5806-4df4-bd5c-1f0a17ef218e,preoccupied.ninja,available,,,high,high,11,,,,
c4d787bc-73bf-4c9c-94cd-c811b06837d2,aiding.ninja,available,,,high,high,6,,,,
fa61d9f5-6bfc-4554-aee6-8cc9bf8984fd,illuminant.ninja,available,,,high,high,10,,,,
3adca514-e283-4d77-b3f3-b6aa9a8cf720,ott.ninja,premium,118.8,118.8,high,high,3,namesilo,,,27/09/2026 05:58
dd41dce6-58b0-4aee-a31b-5ca67253f597,kleenex.ninja,available,9.99,,high,low,7,name.com,,,
cb14a82a-5f6b-4328-8e86-945190cf2286,salving.ninja,available,9.99,39.99,medium,low,7,name.com,,,14/08/2026 01:40
ba589b8e-52cb-4cb7-9192-ede52c06381a,referred.ninja,available,15.99,30.99,high,low,8,namesilo,,,17/09/2026 06:11
0c04b383-1ff4-4727-813c-3f4b7c6b8e00,tribalism.ninja,available,,,high,high,9,,,,
263ef8b9-caf9-4fb8-8974-6583964bfe09,phenomenal.ninja,available,11.98,42.98,high,low,10,namecheap,,,08/09/2026 18:46
a50e770e-eb81-4386-838d-2d041b43614e,expires.ninja,available,15.99,30.99,medium,low,7,namesilo,,,20/09/2026 13:50
df1fe8fa-b1c1-4e15-8249-ba99134736b2,voicing.ninja,available,,,high,medium,7,,,,
c3b3166e-d190-47af-8cee-fbff6772678d,dependance.ninja,available,15.99,30.99,medium,low,10,namesilo,,,17/09/2026 06:55
39837c30-0242-4165-b4ca-c65c934f1334,specks.ninja,available,15.99,30.99,medium,low,6,namesilo,,,20/09/2026 10:46
3b0b0ea6-d8e6-45d2-8c03-26386f81f937,doughnut.ninja,available,9.99,,high,low,8,name.com,,,
4cc7971b-2264-404f-91c5-aecbd3c6d7a1,apocope.ninja,available,11.98,42.98,high,low,7,namecheap,,,19/09/2026 18:11
290c49e8-dfa3-4b75-a189-9f49f27ce35a,dimorphic.ninja,available,9.99,39.99,high,low,9,name.com,,,14/08/2026 08:10
b00028c7-0193-4a63-8084-a98011ee4acf,xcii.ninja,available,9.99,39.99,high,low,4,name.com,,,
2a95823a-b213-415c-a168-7a0ecd93626d,allows.ninja,available,,,high,low,6,,,,
10485b39-b0e8-4356-8377-7eb9e0e57966,spaced.ninja,available,,,high,medium,6,,,,
b4910082-17cc-48fb-9414-461eca5e468d,hail.ninja,available,11.98,42.98,high,low,4,namecheap,,,16/09/2026 22:38
c1a015c4-d4b0-48e1-95d4-263761e9a406,bowling.ninja,premium,118.8,118.8,high,low,7,namesilo,,,27/09/2026 03:22
c2f7c6e8-c47a-48c0-8593-01000061906d,nookie.ninja,available,9.99,39.99,medium,low,6,name.com,,,18/08/2026 17:31
02556d18-8f57-4bd3-b1ad-9f2be7118047,subarctic.ninja,available,11.98,42.98,high,low,9,namecheap,,,10/09/2026 23:36
bdf40440-e183-46fe-b950-207aa1028efb,incomes.ninja,available,,,high,low,7,,,,
5db4d580-0269-4386-9a0b-3db28b8b0133,demeanor.ninja,available,15.99,30.99,high,low,8,namesilo,,,24/09/2026 21:47
4e32af90-b768-4c28-8603-64878e33cf40,scribing.ninja,available,,,high,high,8,,,,
38169d18-71bc-4b0c-93b7-b3bfed5c3d9d,podcasts.ninja,available,,,high,medium,8,,,,
61f4fb8f-3c33-436b-bd4f-27a53e192ca8,dispenses.ninja,available,,,high,low,9,,,,
678fcb6b-e4ff-4b57-9703-c9a642344917,tarsal.ninja,available,11.98,42.98,high,low,6,namecheap,,,11/09/2026 08:42
c539891e-a35a-4621-8a89-486abdede361,judea.ninja,available,,,high,high,5,,,,
627bbde9-0e36-466c-a4dd-bfa64fa51f95,privilege.ninja,available,15.99,30.99,high,high,9,namesilo,,,27/09/2026 05:22
a8319695-140a-4963-aada-ff34864e4feb,explanations.ninja,available,15.99,30.99,high,low,12,namesilo,,,17/09/2026 10:05
74d4df3b-8c1a-48f4-bbc4-62eee4f1adc4,incredibly.ninja,available,11.98,42.98,high,low,10,namecheap,,,14/09/2026 17:21
b69c7b4e-266e-4dc9-b98a-880a6922f832,pacesetter.ninja,available,11.98,42.98,high,high,10,namecheap,,,27/09/2026 05:28
d29a8a83-9f0c-4e8d-8d5d-c34aa0462491,foodtech.ninja,available,,,high,medium,8,,,,
cc6c2268-830f-4131-8fd1-83d6f5ef620d,substituted.ninja,available,,,high,high,11,,,,
e9bc52bc-bb86-4302-9831-5afb4cfd2e20,godlore.ninja,available,,,high,high,7,,,,
ed8b7d01-c61a-4347-93b8-0627d5343edd,caipirinha.ninja,available,,,high,high,10,,,,
e0e6cf70-25e8-4364-8ddc-1bca5d0d81ea,changeling.ninja,available,9.99,39.99,high,low,10,name.com,,,21/08/2026 20:30
6ef721f8-89ed-4cbb-8778-0ab6fe822fd4,chavez.ninja,available,,,high,high,6,,,,
60527901-089b-4dc2-8d77-708314a90b19,chests.ninja,available,,,high,low,6,,,,
64f682af-0536-44a3-9999-a237f1b43604,standardise.ninja,available,,,high,high,11,,,,
910215a4-3a31-4882-9175-1028f5743276,compilation.ninja,available,9.99,,high,low,11,name.com,,,
597d3986-9029-409f-8696-0a1a4dd5f3b7,permutable.ninja,available,11.98,42.98,high,low,10,namecheap,,,08/09/2026 17:50
6fbf30e9-b64e-4a04-b81f-246260dcfca7,reembark.ninja,available,,,high,high,8,,,,
fe1e5027-e573-47d8-a806-2bf73d26a18d,antigen.ninja,available,9.99,39.99,high,low,7,name.com,,,19/09/2026 14:24
f871c4a4-bc9d-42e4-949a-4fd536cf7ffd,nightshades.ninja,available,,,high,low,11,,,,
a6a854ee-ca1a-419f-bbed-1a21af24376a,cash.ninja,premium,520,520,high,medium,4,namecheap,,,25/09/2026 04:05
5952839c-4d0b-477c-8b03-804758baf506,lighterman.ninja,available,15.99,30.99,high,low,10,namesilo,,,22/09/2026 05:46
9ba61312-0d4d-4e1c-9b5b-e88d21923d83,severe.ninja,available,15.99,30.99,high,low,6,namesilo,,,22/09/2026 13:18
d38971b0-be5e-4fa4-8bff-46c45f5b8a66,shelling.ninja,available,15.99,30.99,high,low,8,namesilo,,,22/09/2026 08:00
7d8f7f7f-9fa1-4c55-8d05-5f06df67c524,abdinasir.ninja,available,42.98,,high,high,9,namecheap,,,
cce309fd-bd70-4d74-92c5-92f9990a003c,dana.ninja,available,15.99,30.99,high,low,4,namesilo,,,25/09/2026 22:21
fe5fc2fb-d191-4726-b350-53ab15960f9b,alkahest.ninja,available,15.99,30.99,high,low,8,namesilo,,,18/09/2026 03:42
2f28fbc9-cd1f-46dd-ab12-61076dedb67e,comberow.ninja,available,,,high,high,8,,,,
713a9c8f-12d9-478b-b365-7fa27361e256,wetter.ninja,available,15.99,30.99,high,low,6,namesilo,,,22/09/2026 23:07
4a65e049-6a03-433c-82ca-f73fd7547faf,albula.ninja,available,15.99,30.99,high,low,6,namesilo,,,18/09/2026 03:24
59c84c6c-bf1e-4d83-8298-b3853468ddfc,magna.ninja,available,,,high,medium,5,,,,
26e7d76b-4d6a-491d-9799-d3eee6078d6e,sharkwatching.ninja,available,,,high,high,13,,,,
1c4149fc-6357-447d-afe9-e8f80d0dc9b1,recklessly.ninja,available,11.98,42.98,medium,low,10,namecheap,,,15/09/2026 22:49
cf4f7d71-0a02-4f16-b496-819312375101,smoker.ninja,available,,,high,high,6,,,,
abf8efb3-5d50-4e53-81ff-a9578fd75760,bemidji.ninja,available,11.98,42.98,high,low,7,namecheap,,,23/09/2026 07:16
6e65e7eb-b5fd-4183-ac1b-bb07fffd98e8,air.ninja,resell,,,high,medium,3,Dynadot Inc,28/05/2014 17:00,28/05/2027 17:00,26/09/2026 01:28
78a150cf-9ac7-4d45-a8e1-6dcc06db5167,fleshy.ninja,available,9.99,39.99,high,low,6,name.com,,,18/08/2026 08:02
30b01a89-3bc7-49d4-a81b-18d8ae6bd4ba,confan.ninja,available,,,high,high,6,,,,
95aadb49-030d-4ae2-9c22-85ea2ea827f9,international.ninja,premium,118.8,118.8,high,medium,13,namesilo,,,25/09/2026 11:34
1ae3e03b-606e-4904-ae25-c76725b10680,dimly.ninja,available,11.98,42.98,high,low,5,namecheap,,,14/09/2026 12:45
f402a671-1938-45d8-ad44-630c1a7d79dd,siverianian.ninja,available,,,high,high,11,,,,
ddee75c5-fc50-458a-a91d-cdebacfabe5a,cabriolet.ninja,available,,,high,high,9,,,,
4a793ddf-5e70-46f9-988d-6db12c95d1ec,toothmugs.ninja,available,,,medium,low,9,,,,
f6b29e81-e0ad-4d2d-b663-50c0176440a2,chimped.ninja,available,,,medium,low,7,,,,
40583810-f924-41c8-831f-75021935c4ea,convex.ninja,available,9.99,39.99,high,low,6,name.com,,,11/08/2026 08:24
ed98fa0b-e262-46e6-b974-a7135f588780,megabat.ninja,available,,,high,high,7,,,,
97dfa287-0415-429f-afd5-b2715750c0e5,alla.ninja,available,,,high,high,4,,,,
d8f372c4-2b0b-4e88-9869-a67495e53b25,reascension.ninja,available,,,high,low,11,,,,
1a3e88e5-dca2-4d49-98b0-88cff9ac4a39,putnam.ninja,available,11.98,42.98,high,low,6,namecheap,,,25/09/2026 16:07
10642746-a7d4-44ef-b490-0fcab0b39035,mothers.ninja,available,15.99,30.99,high,low,7,namesilo,,,18/09/2026 06:34
8ae5e8e5-988d-45bd-9b59-620b665d19c2,basebean.ninja,available,,,medium,low,8,,,,
719734f2-3c95-4830-af1a-3c75895cb78c,poppyhead.ninja,available,,,high,high,10,,,,
a8b9c658-f939-4699-a3db-d86da0deb9b5,boaters.ninja,available,,,high,low,7,,,,
69876001-51f3-4a36-84ed-2c3b31504cf9,oiled.ninja,available,11.98,42.98,high,low,5,namecheap,,,04/09/2026 01:49
5ac2cfa8-84dd-416f-8c87-3dd49dcdf491,oklahoma.ninja,available,15.99,30.99,high,low,8,namesilo,,,26/09/2026 00:08
33136852-239a-41f6-ab7b-46d9b0d4f003,oracular.ninja,available,11.98,42.98,high,low,8,namecheap,,,04/09/2026 17:12
410f632e-ada1-4949-bec7-e45133a73763,transitive.ninja,available,11.98,42.98,high,low,10,namecheap,,,11/09/2026 18:55
e9dd1689-7134-4e97-9369-ed661b2128f6,bites.ninja,available,,,high,medium,5,,,,
ebb3a1da-4e77-431d-a0b8-e757aef02e1d,skylark.ninja,available,15.99,30.99,high,low,7,namesilo,,,18/09/2026 02:17
51270b59-ca24-40bf-aac0-a71d0175d159,mown.ninja,available,9.99,39.99,high,low,4,name.com,,,25/08/2026 09:14
da57fefc-0a0e-44cc-9ed1-866850235552,cannot.ninja,available,9.99,,high,low,6,name.com,,,
2300259d-16d7-42da-b90e-9ae4a45034c6,beverage.ninja,available,11.98,42.98,high,low,8,namecheap,,,23/09/2026 19:28
cffb055f-a72c-44c5-b17f-f84baae57d1a,reconciling.ninja,available,,,high,low,11,,,,
ae729948-5a06-406c-990c-1b7d1851336e,reanimated.ninja,available,11.98,42.98,high,low,10,namecheap,,,09/09/2026 10:58
4c3f6062-9873-421b-bde2-6e1c5070d0ff,homespun.ninja,available,9.99,39.99,high,low,8,name.com,,,13/08/2026 04:23
1d88105a-7429-4665-8acc-98b10c6a71a2,photoautotroph.ninja,available,,,high,high,14,,,,
927e4e41-2f3c-414a-8178-e4058bca4b27,horizontal.ninja,available,9.99,39.99,high,low,10,name.com,,,21/08/2026 14:00
bda88e8f-d058-451c-8458-bbf0d1d59ed4,selfcontain.ninja,available,,,high,high,12,,,,
6b5d08d0-7d58-472d-8301-b4c5e4170560,endured.ninja,available,,,high,low,7,,,,
0d9fddbe-c1bf-4991-b984-fe5b5974aa45,levulose.ninja,available,,,high,high,8,,,,
e4b4c372-c285-412b-91da-e9a8a42dd80b,technomaniac.ninja,available,,,high,high,12,,,,
189818c1-f163-4aba-b1d2-e168188d4e81,cervantes.ninja,available,,,high,high,9,,,,
d46a3814-e63a-4761-a53a-f8e0349db351,gratuity.ninja,available,15.99,30.99,high,low,8,namesilo,,,21/09/2026 15:50
75c632de-dee4-4061-94b7-237c34dbd027,fergus.ninja,available,,,high,medium,6,,,,
38d0822b-272b-492b-8516-fb4670ca8a97,joints.ninja,available,11.98,42.98,high,low,6,namecheap,,,20/09/2026 03:38
e05fecc2-c055-4d42-9c65-2d4bf681e47c,baton.ninja,available,15.99,30.99,high,low,5,namesilo,,,22/09/2026 14:13
10f7b791-0a35-4b1c-9822-5c4fa754981d,sunblind.ninja,available,11.98,42.98,high,low,8,namecheap,,,21/09/2026 10:15
22a67214-a11c-4623-81dc-3235153a0002,flameproof.ninja,available,9.99,39.99,high,low,10,name.com,,,18/08/2026 06:28
21f441e7-7401-4768-9d20-f48bee040e34,mandarine.ninja,available,,,high,high,9,,,,
ef09b333-f8b3-4a8b-a59f-43fa14c6a842,nowadays.ninja,available,15.99,30.99,high,low,8,namesilo,,,27/09/2026 05:06
dc29660d-2bfb-4e41-b55d-6dce5a855f84,frogman.ninja,available,,,high,high,7,,,,
5e4665f0-4ac0-46ce-b6ec-2a26e1f489d6,lazing.ninja,available,,,medium,low,6,,,,
a37719e3-08ea-42ae-bf57-fb1fa3d5842c,aftertaste.ninja,available,15.99,30.99,high,low,10,namesilo,,,17/09/2026 15:52
e921537c-e833-420a-adcc-724e567f7068,djta.ninja,available,,,high,high,4,,,,
b6dcfc46-daea-4c74-ae88-b5c5a6b72632,vodcast.ninja,available,,,high,high,7,,,,
0f231b21-540b-4ae4-bce7-11713ac7cb94,sagas.ninja,available,,,high,medium,5,,,,
9c6a0122-e393-4d67-a18d-fe005d94041d,sleeveless.ninja,available,9.99,39.99,high,low,10,name.com,,,10/08/2026 19:41
b53b503d-28c0-48ab-addd-409ab20bc5fd,induction.ninja,available,,,high,high,9,,,,
275fd7ea-f904-4bba-a01a-9b9f360074e0,transparently.ninja,available,,,high,high,13,,,,
51bbc371-f3ce-4b19-990b-45e574727f06,branchpoint.ninja,available,,,high,high,11,,,,
207cc7aa-ba8d-4c1b-bb0a-480f49255b97,blackmail.ninja,available,15.99,30.99,high,low,9,namesilo,,,24/09/2026 02:52
4a45820d-6e46-4217-b675-66c8f5d7a5d2,comptroller.ninja,available,,,high,high,11,,,,
e4577ddb-f928-46bd-90bd-e5eb40e75d22,mastlike.ninja,available,,,high,high,8,,,,
34ed9640-16e1-4581-89a6-d269d52e8777,prawnlike.ninja,available,,,high,high,9,,,,
96cbbf68-b91b-48e0-9b1f-20f4c6916b61,lemony.ninja,available,9.99,39.99,high,low,6,name.com,,,22/08/2026 23:24
30487833-2cb3-4fd8-b109-b91ce7f8a3da,wigmaking.ninja,available,,,high,low,9,,,,
bcf9f1d1-56a9-4671-8021-fc06daa2222e,tupped.ninja,available,,,medium,low,6,,,,
7f87f8c3-a35c-499a-859d-db8a0039689a,defendably.ninja,available,,,high,high,10,,,,
9366669c-053d-4998-86ec-8facf1dec94f,retentive.ninja,available,11.98,42.98,high,low,9,namecheap,,,09/09/2026 11:47
e46e8b31-9213-49e9-909d-3648c6621c38,ironically.ninja,available,11.98,42.98,high,low,10,namecheap,,,15/09/2026 09:24
9b19c6b5-6cfb-4dbc-bf06-50bb8c06c38e,readdress.ninja,available,,,high,high,10,,,,
cc4c9d97-e3ee-4535-9fe3-1465d6997a17,bleriot.ninja,available,15.99,30.99,high,low,7,namesilo,,,24/09/2026 06:04
ce379687-bac0-4030-835c-9888208bfa08,gamine.ninja,available,,,high,high,6,,,,
f40952d9-346b-4b2c-a0ca-d93e6b854383,curfew.ninja,available,11.98,42.98,high,low,6,namecheap,,,24/09/2026 20:27
d1716e20-3ec6-4527-8841-8746af4e2fa9,teleporting.ninja,available,,,high,low,11,,,,
ae2f12e0-698e-4c83-b5bb-7746ac055a96,tarry.ninja,available,11.98,42.98,high,low,5,namecheap,,,09/09/2026 15:16
17ef70da-0b06-4b19-b229-0bac5272e22f,bosnia.ninja,available,9.99,39.99,high,low,6,name.com,,,25/09/2026 02:00
cf944127-b557-455d-8d92-ade5a12b2a6b,schwarzenegger.ninja,available,,,high,high,14,,,,
8e420963-d891-41d1-b357-81094cecc03a,rothko.ninja,available,,,high,high,6,,,,
28fdeaf4-0689-43aa-a147-7d9c5cbef31c,shaven.ninja,available,,,high,medium,6,,,,
3838f332-2202-4801-a9f1-0da335a7bf96,counselling.ninja,available,15.99,30.99,high,low,11,namesilo,,,17/09/2026 12:13
2cda21eb-614b-43e4-a854-075d60105e27,unite.ninja,available,11.98,42.98,high,low,5,namecheap,,,24/09/2026 16:23
31ac4f2b-2cb0-421c-b661-f1a8003ad293,bingeable.ninja,available,,,high,high,9,,,,
73c12f98-4b1b-4d15-b5e5-e6b424504b19,reclassify.ninja,available,,,high,high,10,,,,
a684f82b-f3e0-4d02-9710-332067e4d609,villages.ninja,available,,,high,low,8,,,,
5272b942-81af-4720-b3f1-f10cc1323e64,colocate.ninja,available,,,high,high,9,,,,
375208f7-39bc-4228-be42-f4f964b19895,illogical.ninja,available,9.99,39.99,high,low,9,name.com,,,14/08/2026 11:22
9352960b-b9da-4c07-9f08-dc11e5d394bd,baylor.ninja,available,11.98,42.98,medium,low,6,namecheap,,,27/09/2026 01:57
7119dde7-eef4-4f86-9cb6-36c44694e93a,ebidding.ninja,available,,,high,low,9,,,,
6d1c5c9d-6e41-4cf9-aa96-91ddba9c4f28,undulate.ninja,available,11.98,42.98,high,low,8,namecheap,,,12/09/2026 08:33
09a125b7-9998-4d93-95e6-d55bdf10b563,constitutions.ninja,available,,,medium,low,13,,,,
5ddcf59b-1311-41c2-a471-b5311e2d9356,naturalist.ninja,available,,,high,high,10,,,,
c9ea4857-6770-491c-b0df-adc8c0b1fe4b,extravagant.ninja,available,,,high,high,11,,,,
5bb08836-497b-407a-bcbc-aaac87114cdb,racino.ninja,available,15.99,30.99,high,high,6,namesilo,,,27/09/2026 05:46
91b62e91-6c9a-471d-9016-5027eeae2113,anecdotist.ninja,available,15.99,30.99,high,low,10,namesilo,,,19/09/2026 05:08
0efc74d7-a2df-4130-8ab9-08b2d9694782,macrotext.ninja,available,,,high,high,9,,,,
bb8f8861-23d2-4c59-b762-cb4e810a0c10,stuffed.ninja,available,11.98,42.98,high,low,7,namecheap,,,10/09/2026 23:02
4eea0907-59a8-407e-a0c9-c7f4b7ed027f,quickie.ninja,available,,,high,high,7,,,,
43c94403-2444-4ba3-b8a4-85f40da85b39,oxidation.ninja,available,,,high,high,9,,,,
25daf1d8-0754-4a3e-a6da-53336d59d061,blended.ninja,available,9.99,39.99,high,low,7,name.com,,,10/08/2026 14:14
d1e58042-641a-42b4-b026-f916a228b156,drops.ninja,available,15.99,30.99,high,low,5,namesilo,,,18/09/2026 04:47
d60517b4-aed1-4fba-9252-96e3db00fed8,weedless.ninja,available,11.98,42.98,medium,low,8,namecheap,,,13/09/2026 10:00
b7db12de-7d9e-435b-8f14-ca4b679ac6d1,monocled.ninja,available,9.99,39.99,medium,low,8,name.com,,,09/08/2026 17:15
46ce9875-987a-439b-bf70-cd52e6b5fbdf,drugstore.ninja,available,15.99,30.99,high,low,9,namesilo,,,19/09/2026 19:43
e19cae4b-009c-42f0-9170-6f509ea69d09,frenzy.ninja,available,15.99,30.99,high,low,6,namesilo,,,24/09/2026 21:40
7a6dd4f5-3a56-4699-ae73-8f576aa2f19d,everloving.ninja,available,,,high,high,10,,,,
962d7105-0691-43a9-b370-ce2eeaab9d58,kirkenes.ninja,available,,,high,high,8,,,,
05a13061-0935-45b7-8c64-e57cc6c0b422,evolutionist.ninja,available,,,high,high,12,,,,
46d644ca-c66d-4110-99a7-11698380126b,granite.ninja,available,,,high,high,7,,,,
8fd9a3a3-e6de-4e32-b995-2631fec962a7,embolden.ninja,available,11.98,42.98,high,high,8,namecheap,,,27/09/2026 05:52
f67de223-e79a-4533-bf63-421208814b95,sexily.ninja,available,,,high,high,6,,,,
f7820b5c-a491-42d0-90aa-a64e9447cc0c,pocketknife.ninja,available,,,high,high,11,,,,
21297d66-4131-46ab-a10c-9b09937428de,postbuild.ninja,available,,,high,high,10,,,,
802723fa-8b71-44d3-a583-0d28b214e89b,mushy.ninja,available,9.99,39.99,high,low,5,name.com,,,09/08/2026 00:58
14ddabb9-009c-4644-b38b-87bb0cd12c7c,lissome.ninja,available,9.99,39.99,high,low,7,name.com,,,23/08/2026 23:39
a450e68e-5a13-4560-98d3-b8195678cdc4,fourteenth.ninja,available,9.99,39.99,high,low,10,name.com,,,
dc6c44d5-607f-4012-9b56-18e966c96c2f,flotus.ninja,available,,,high,low,6,,,,
1db22d7f-9504-4b85-8c09-c7878d7ffe29,aliform.ninja,available,9.99,39.99,high,low,7,name.com,,,
f4829e5f-d254-4839-a59e-a0efad1baf26,prelaunch.ninja,available,,,high,high,10,,,,
2226a5f9-b429-45b9-9ba4-ced5c2e3b4eb,outfox.ninja,available,,,high,high,6,,,,
e1863b30-e0af-4228-b0cb-851fb2bc1f27,revamp.ninja,available,15.99,30.99,high,high,6,namesilo,,,27/09/2026 05:58
91e47c61-b3ab-4db8-992e-d80268130823,dull.ninja,available,15.99,30.99,high,low,4,namesilo,,,23/09/2026 00:25
6a506a36-a550-4377-8587-065cedc1b55e,scowling.ninja,available,9.99,39.99,high,low,8,name.com,,,09/08/2026 08:33
4066d1dd-ef46-4ffe-88e7-fa9ef4abdf85,minimize.ninja,available,,,high,high,8,,,,
94efda57-d786-4e3c-86fb-c9c6d6c7a7f7,biddy.ninja,available,15.99,30.99,high,low,5,namesilo,,,23/09/2026 13:45
49350bca-40b3-4590-8237-b9bb6f118561,childproofed.ninja,available,,,medium,low,12,,,,
8e747daf-9fba-4f7d-9e48-a4a688335b82,deception.ninja,available,15.99,30.99,high,low,9,namesilo,,,24/09/2026 17:22
bfa1d510-5b27-4071-88d0-0cbe97ac4e99,anopia.ninja,available,15.99,30.99,medium,low,6,namesilo,,,19/09/2026 11:39
46445aae-ab8e-41fc-acfe-fdf865661aff,joyfulness.ninja,available,,,high,high,10,,,,
5ab3aac0-1f41-44b6-b827-66f9a2fb3d0e,ode.ninja,available,15.99,30.99,high,high,3,namesilo,,,27/09/2026 05:49
5fd9fa28-73bc-4980-ae4a-d16f5f7be9c2,scrutinising.ninja,available,,,high,high,12,,,,
16d5ba45-eaee-4d3c-a304-93cac62fee0f,lineage.ninja,available,,,high,low,7,,,,
a5e65dba-4466-424a-8e3f-75abf175e000,apart.ninja,available,15.99,30.99,high,low,5,namesilo,,,22/09/2026 07:07
3c50b591-1585-4470-963a-3bf9c7fb7e8b,mencken.ninja,available,,,high,high,7,,,,
1ad54e0b-81b6-4d0f-a75f-19670f3b08e4,totes.ninja,available,,,high,medium,5,,,,
7f011578-97bc-4d36-8a12-c41d18bca3e1,hic.ninja,available,9.99,,high,low,3,name.com,,,
7e4a0531-11be-4370-b019-ebaf9c322ac1,unwrapped.ninja,available,11.98,42.98,high,low,9,namecheap,,,12/09/2026 22:53
2fdbb72a-dd90-40a5-8be9-4dd4fa9a63f9,aukan.ninja,available,,,high,high,5,,,,
31e2e80d-a114-46e2-80c3-49ee0c7b9cc7,tenebrous.ninja,available,11.98,42.98,high,low,9,namecheap,,,11/09/2026 11:19
5701d6a7-e175-4263-b417-91594677b687,signifies.ninja,available,,,medium,low,9,,,,
9c0f9aa2-d69e-4885-b406-ddaf00b53f19,margaretta.ninja,available,,,high,high,10,,,,
836685cf-d0c9-43da-b1c5-179a5b53f8df,genotype.ninja,available,,,high,high,8,,,,
f96eb5d9-39fa-4780-9ad7-c1c2cae0aab9,ashy.ninja,available,9.99,39.99,high,low,4,name.com,,,07/08/2026 02:04
6b4052a3-e123-4b71-9629-9281c05378fc,freeborn.ninja,available,9.99,39.99,high,low,8,name.com,,,18/08/2026 14:53
e36dbb5e-8d67-4cec-80f3-8d9902914fd0,poolhouse.ninja,available,,,high,high,9,,,,
f2fbb7ce-2345-4cf1-ae76-2b8158d33ca3,gramarye.ninja,available,,,high,high,8,,,,
e213d9d7-cb71-4ae6-96d0-d1dc35cc15ef,tapered.ninja,available,11.98,42.98,high,low,7,namecheap,,,03/09/2026 13:29
bc9ca551-479a-4cd9-bec0-4d36a97fe9c1,underclass.ninja,available,11.98,42.98,high,low,10,namecheap,,,12/09/2026 07:22
fcf55d16-8bce-48a5-a0ee-12905dd69ab7,kilometers.ninja,available,,,high,low,10,,,,
1b6fddae-9e29-4899-83f8-d61d0e7837ab,alphabets.ninja,available,,,high,medium,9,,,,
8c1efde1-81ad-4ce3-8d5b-eafb82420e35,incise.ninja,available,,,high,high,6,,,,
e1483819-3b18-402f-bc9d-0af741537584,swingman.ninja,available,,,high,high,8,,,,
f214fd1b-1cb4-45df-b633-8a6cce090ab7,colnbrook.ninja,available,,,high,high,9,,,,
fe7404a5-2f0b-4bad-b52b-ceb41c2d7f92,phantasmal.ninja,available,9.99,39.99,high,low,10,name.com,,,06/08/2026 05:33
6ebb7815-68d7-4869-8a31-ebb8108962d3,nohow.ninja,available,11.98,42.98,medium,low,5,namecheap,,,15/09/2026 16:44
b74d3e3c-3abb-452b-a754-7d97f0579243,yesteryear.ninja,available,11.98,42.98,high,low,10,namecheap,,,08/09/2026 10:02
3d6f3f9d-b00a-4911-aced-a36713ee9979,woolgathering.ninja,available,,,high,high,13,,,,
f8712e56-622d-4f30-b199-872873cccb84,dreamily.ninja,available,11.98,42.98,high,low,8,namecheap,,,14/09/2026 14:15
4da289da-48b7-4f4a-8db1-37ead8c1fcff,anomala.ninja,available,15.99,30.99,high,low,7,namesilo,,,19/09/2026 11:24
5baea766-1e5a-4ba3-bd18-cf4867724087,cabby.ninja,available,,,high,high,5,,,,
0a954d47-fdf3-4666-b998-ead7a3e6b23d,gremlin.ninja,available,,,high,high,7,,,,
94e7cf3b-6006-4c73-8e83-fcc9645c0089,purkinje.ninja,available,,,high,high,8,,,,
0598a7e8-c724-4e9f-81c8-98ab2e238b6e,navigable.ninja,available,11.98,42.98,high,low,9,namecheap,,,03/09/2026 14:13
407dfe9f-d13a-4801-940c-44993edf3d2b,sifter.ninja,available,,,high,high,6,,,,
6970073c-9062-48cb-b21f-8bfe09f65557,badged.ninja,available,,,high,high,6,,,,
7e41c120-a361-48f0-b468-ebd6e2dbee0c,celly.ninja,available,,,high,high,5,,,,
604695f6-f01d-4616-be72-3c56689bd67b,ldr.ninja,available,,,high,high,3,,,,
b28bc231-b6b4-418d-844b-b494f79e2667,larns.ninja,available,,,high,low,5,,,,
c549f2d5-5667-4533-8b32-adae8bd28e2a,crackers.ninja,available,9.99,39.99,high,low,8,name.com,,,06/08/2026 20:45
03bf3a1d-540c-4f29-a633-4692574c3981,sweetens.ninja,available,,,medium,low,8,,,,
b2f0d01b-0f36-4015-a623-7c7e95e2ee2b,innately.ninja,available,11.98,42.98,high,low,8,namecheap,,,15/09/2026 08:27
5b303c31-c76f-4712-9814-336dbfb019b5,trilateral.ninja,available,11.98,42.98,high,low,10,namecheap,,,11/09/2026 14:28
d4df59fa-38f4-4e23-b865-c23bd4a35537,thicketbird.ninja,available,,,high,high,11,,,,
603a2bfa-80d5-4927-9a57-13e5b5159a99,resolvent.ninja,available,11.98,42.98,high,low,9,namecheap,,,10/09/2026 13:54
ea2699b7-adf9-413d-8875-2ad23d3a365f,coattails.ninja,available,,,high,low,9,,,,
2123aa9a-f52c-4ce1-8dfa-0e6b247e2ac5,touchdown.ninja,available,9.99,,high,high,9,name.com,,,
36121d2c-3847-4328-9b60-6b2e37d2d97b,tutorship.ninja,available,,,high,high,9,,,,
a2696616-6e57-4a73-b232-b6505a543a93,multivitamin.ninja,available,,,high,high,12,,,,
47226566-dad2-4a42-ae66-f066ee06b6ed,arrhenius.ninja,available,15.99,30.99,high,low,9,namesilo,,,20/09/2026 09:11
85ee4bcc-f6ee-4845-aabe-622ab1bb4776,krubi.ninja,available,15.99,30.99,high,low,5,namesilo,,,18/09/2026 22:48
5d26ebd6-7512-4058-a748-99c8d87dfe42,cutely.ninja,available,11.98,42.98,high,low,6,namecheap,,,14/09/2026 09:59
a0f01d38-04cd-4ddc-b419-08f161fc20bb,hominal.ninja,available,9.99,39.99,medium,low,7,name.com,,,21/08/2026 11:35
4f9279fa-5b3e-4507-bd4f-3e4afc046836,treecreeper.ninja,available,,,high,high,12,,,,
b459f251-9fbe-4090-9c96-fd16d49e3010,soothed.ninja,available,,,high,low,7,,,,
30aaabc3-eaf4-4416-b272-b272dc2839bc,freitas.ninja,available,,,high,high,7,,,,
d7f7b64d-5e61-4a9c-9cef-aa5dc078a693,goodenough.ninja,available,9.99,,high,low,11,name.com,,,
9e325290-b7f7-4646-8b4e-399434a62b20,polycentrically.ninja,available,,,high,high,15,,,,
3bc789e4-b259-4669-a9d4-c3870fddb8ad,lithosphere.ninja,available,,,high,high,11,,,,
753b10fe-d0ff-4906-b722-b3dbba388952,jetlike.ninja,available,,,high,high,7,,,,
d1e2312f-8453-4f14-bf9a-7f6fcd0f0f9e,rework.ninja,available,,,high,high,6,,,,
f0d93064-7563-480b-a661-ed904a11db53,ethnic.ninja,available,15.99,30.99,high,low,6,namesilo,,,24/09/2026 15:23
d2e696b8-c99f-41c2-b0ab-d0612be284cb,aiadmk.ninja,available,,,high,high,6,,,,
2fcbd532-e7db-4664-b508-9b44c4227147,workmanship.ninja,available,15.99,30.99,high,low,11,namesilo,,,16/09/2026 08:15
98909a86-5414-4616-8ef9-8957020f041b,whenever.ninja,available,9.99,,high,low,8,name.com,,,
cf78a232-23d5-419c-962a-a6a6232848dd,counterproposal.ninja,available,,,high,high,15,,,,
062e1732-93a3-43d3-8a7e-d401bcb58ad6,luckier.ninja,available,,,high,low,7,,,,
d1af7400-575d-4c3c-8720-716c51c13393,bodystocking.ninja,available,,,high,high,12,,,,
07d62c63-7650-42a0-ba35-f68acf515989,kinistino.ninja,available,,,high,high,9,,,,
e5f4fd1e-1620-4bd1-b669-829652939172,motherless.ninja,available,9.99,39.99,high,low,10,name.com,,,25/08/2026 07:02
3bf522f5-7a82-4053-9b59-1c4c46d01f27,acarine.ninja,available,11.98,42.98,high,low,7,namecheap,,,16/09/2026 21:33
18dffc24-5efc-4f50-a993-4495c378b3da,aubrianna.ninja,available,,,high,high,9,,,,
65f8e193-a59c-4bc6-a041-635773fc8d86,gomad.ninja,available,15.99,30.99,high,low,6,namesilo,,,20/09/2026 00:44
6db1fa82-963a-4040-af0f-9fe1f76a8ad3,yoking.ninja,available,,,high,high,6,,,,
1cf4b2d9-00d1-4304-b6c2-aed56b136db5,gentleness.ninja,available,,,high,high,10,,,,
eeec400f-3b4a-483b-ae75-656e33a2dd88,calming.ninja,available,11.98,42.98,high,low,7,namecheap,,,19/09/2026 20:28
ecc0cb20-ccb5-4170-ae7e-08585e2e2a96,potlucks.ninja,available,,,high,low,8,,,,
8621862f-cbdc-4b7d-b35f-87a9285f2237,absorbency.ninja,available,11.98,42.98,high,low,10,namecheap,,,16/09/2026 18:15
752190ee-17d2-4193-ad20-ecbd3f13d4ee,araneae.ninja,available,9.99,39.99,high,low,7,name.com,,,20/09/2026 00:06
f829a0b7-ca8b-415f-96b8-ac522805cf79,bridgeport.ninja,available,,,high,medium,10,,,,
2a1413ca-3047-4333-97eb-950bc732ae70,candystriper.ninja,available,,,high,high,12,,,,
07cb4f64-43be-42f6-880d-20a8776b2484,food.ninja,premium,118.8,118.8,high,medium,4,namesilo,,,25/09/2026 08:53
7d2a55a1-4625-4a2b-97b1-2d81c1791bc6,summits.ninja,available,,,high,medium,7,,,,
1f987a2c-fbcf-4782-8603-f196e19fc2a3,arbiter.ninja,available,11.98,42.98,high,low,7,namecheap,,,20/09/2026 00:41
0ac53edd-8f68-4d13-8805-85f46f1f0d24,bolted.ninja,available,,,high,medium,6,,,,
50114b4b-b726-4df3-a031-77358440ac37,shackled.ninja,available,9.99,39.99,high,low,8,name.com,,,18/08/2026 02:56
469cfa94-cc59-4af2-976c-7e00f3de8c04,valets.ninja,available,,,high,low,6,,,,
1f22d3fe-450d-4f16-b081-d69d8885b4de,grandly.ninja,available,11.98,42.98,high,low,7,namecheap,,,14/09/2026 22:03
b0fb4d64-7237-4db0-8d93-aefbbd168bf3,pedantic.ninja,available,9.99,39.99,high,low,8,name.com,,,14/08/2026 15:55
64a26a7c-5dea-429e-821c-6f67f8fc7e05,selfrule.ninja,available,,,high,high,9,,,,